label,message
ham,"Yeah, we got one lined up for us"
ham,Ü no home work to do meh... 
spam,U have a secret admirer. REVEAL who thinks U R So special. Call 09065174042. To opt out Reply REVEAL STOP. 1.50 per msg recd. Cust care 07821230901
ham,Ok lor...
ham,Kindly send some one to our flat before  &lt;DECIMAL&gt;  today.
ham,We have all rounder:)so not required:)
ham,"Dont search love, let love find U. Thats why its called falling in love, bcoz U dont force yourself, U just fall and U know there is smeone to hold U... BSLVYL"
ham,"Sorry, I'll call later In meeting."
ham,I'm done. C ü there.
ham,Arun can u transfr me d amt
ham,U free on sat rite? U wan 2 watch infernal affairs wif me n darren n mayb xy?
ham,"Awesome question with a cute answer: Someone asked a boy ""how is ur life?"" . . He smiled &amp; answered: . . ""She is fine!"" Gudnite"
spam,FreeMsg: Fancy a flirt? Reply DATE now & join the UKs fastest growing mobile dating service. Msgs rcvd just 25p to optout txt stop to 83021. Reply DATE now!
ham,"Uncle G, just checking up on you. Do have a rewarding month"
ham,"I met you as a stranger and choose you as my friend. As long as the world stands, our friendship never ends. Lets be Friends forever!!! Gud nitz..."
ham,"Hey. What happened? U switch off ur cell d whole day. This isnt good. Now if u do care, give me a call tomorrow."
ham,I'm vivek:)i got call from your number.
ham,Nt yet chikku..simple habba..hw abt u?
ham,But really quite funny lor wat... Then u shd haf run shorter distance wat...
spam,network operator. The service is free. For T & C's visit 80488.biz
ham,My sort code is  and acc no is . The bank is natwest. Can you reply to confirm i've sent this to the right person!
spam,"cmon babe, make me horny, *turn* me on! Txt me your fantasy now babe -) Im hot, sticky and need you now. All replies cost £1.50. 2 cancel send STOP"
ham,My birthday is on feb  &lt;#&gt;  da. .
spam,"REMINDER FROM O2: To get 2.50 pounds free call credit and details of great offers pls reply 2 this text with your valid name, house no and postcode"
ham,You still at the game?
ham,Love it! I want to flood that pretty pussy with cum...
ham,What happened to our yo date?
ham,did u get that message
ham,How dare you stupid. I wont tell anything to you. Hear after i wont talk to you:-.
ham,I like you peoples very much:) but am very shy pa.
ham,Wat r u doing?
ham,O. Well uv causes mutations. Sunscreen is like essential thesedays
ham,"When you just put in the + sign, choose my number and the pin will show. Right?"
ham,"Yo, you at jp and hungry like a mofo?"
ham,He also knows about lunch menu only da. . I know
ham,No..its ful of song lyrics..
ham,"Greetings me, ! Consider yourself excused."
ham,Our Prashanthettan's mother passed away last night. pray for her and family.
ham,I can send you a pic if you like :)
ham,With my sis lor... We juz watched italian job.
ham,"Ah, well that confuses things, doesn‘t it?"
ham,I need to come home and give you some good lovin...
spam,You have 1 new voicemail. Please call 08719181503
ham,It is a good thing I'm now getting the connection to bw
ham,I don't know jack shit about anything or i'd say/ask something helpful but if you want you can pretend that I did and just text me whatever in response to the hypotheticalhuagauahahuagahyuhagga
ham,If he started searching he will get job in few days.he have great potential and talent.
ham,Dear i have reache room
ham,"K I'm leaving soon, be there a little after 9"
ham,Thanx 4 sending me home...
spam,UR GOING 2 BAHAMAS! CallFREEFONE 08081560665 and speak to a live operator to claim either Bahamas cruise of£2000 CASH 18+only. To opt out txt X to 07786200117
ham,He's an adult and would learn from the experience. There's no real danger. I just dont like peeps using drugs they dont need. But no comment
spam,"Congrats 2 mobile 3G Videophones R yours. call 09063458130 now! videochat wid ur mates, play java games, Dload polypH music, noline rentl. bx420. ip4. 5we. 150p"
ham,Shuhui say change 2 suntec steamboat? U noe where? Where r u now?
ham,Hey so this sat are we going for the intro pilates only? Or the kickboxing too? 
spam,"For ur chance to win £250 cash every wk TXT: PLAY to 83370. T's&C's www.music-trivia.net custcare 08715705022, 1x150p/wk."
spam,LIFE has never been this much fun and great until you came in. You made it truly special for me. I won't forget you! enjoy @ one gbp/sms
ham,it's really getting me down just hanging around.
ham,Aiyar sorry lor forgot 2 tell u...
ham,Only saturday and sunday holiday so its very difficult:)
ham,Hello hun how ru? Its here by the way. Im good. Been on 2 dates with that guy i met in walkabout so far. We have to meet up soon. Hows everyone else?
ham,Ü mean it's confirmed... I tot they juz say oni... Ok then... 
ham,Oh ic. I thought you meant mary jane.
ham,Great. I was getting worried about you. Just know that a wonderful and caring person like you will have only the best in life. Know that u r wonderful and God's love is yours.
ham,K.k.how is your business now?
ham,"If you're still up, maybe leave the credit card so I can get gas when I get back like he told me to"
spam,tells u 2 call 09066358152 to claim £5000 prize. U have 2 enter all ur mobile & personal details @ the prompts. Careful!
ham,Leaving to qatar tonite in search of an opportunity.all went fast.pls add me in ur prayers dear.Rakhesh
ham,"New Theory: Argument wins d SITUATION, but loses the PERSON. So dont argue with ur friends just.. . . . kick them &amp; say, I'm always correct.!"
ham,Oops sorry. Just to check that you don't mind picking me up tomo at half eight from station. Would that be ok?
ham,In e msg jus now. U said thanks for gift.
ham,"She was supposed to be but couldn't make it, she's still in town though"
ham,You didnt complete your gist oh.
ham,We're done...
ham,"Playin space poker, u?"
ham,"Living is very simple.. Loving is also simple.. Laughing is too simple.. Winning is tooo simple.. But, being 'SIMPLE' is very difficult.. Gud nte.:-"
spam,Please call our customer service representative on FREEPHONE 0808 145 4742 between 9am-11pm as you have WON a guaranteed £1000 cash or £5000 prize!
ham,"Pete,is this your phone still? Its Jenny from college and Leanne.what are you up to now?:)"
ham,BABE !!! I miiiiiiissssssssss you ! I need you !!! I crave you !!! :-( ... Geeee ... I'm so sad without you babe ... I love you ...
ham,I dun believe u. I thk u told him.
ham,"Think i might have to give it a miss. Am teaching til twelve, then have lecture at two. Damn this working thing."
ham,You know my old Dom I told you about yesterday ? His name is Roger? He got in touch with me last night and wants me to meet him today at 2 pm
ham,I had askd u a question some hours before. Its answer
ham,Did you see that film:)
spam,PRIVATE! Your 2003 Account Statement for shows 800 un-redeemed S. I. M. points. Call 08718738002 Identifier Code: 48922 Expires 21/11/04
ham,I just saw ron burgundy captaining a party boat so yeah
ham,Dear good morning how you feeling dear
ham,Yeah that's the impression I got
ham,I'm at work. Please call
ham,Mum not going robinson already.
ham,Forgot to tell ü smth.. Can ü like number the sections so that it's clearer..
ham,Yup i thk cine is better cos no need 2 go down 2 plaza mah.
ham,Is it ok if I stay the night here? Xavier has a sleeping bag and I'm getting tired
ham,Dear umma she called me now :-)
ham,Gud ni8 dear..slp well..take care..swt dreams..Muah..
ham,Dont flatter yourself... Tell that man of mine two pints of carlin in ten minutes please.... 
ham,Quite ok but a bit ex... U better go eat smth now else i'll feel guilty...
ham,"You have come into my life and brought the sun ..Shiny down on me, warming my heart. Putting a constant smile on my face ... Making me feel loved and cared for"
ham,"* Was really good to see you the other day dudette, been missing you!"
ham,"Night has ended for another day, morning has come in a special way. May you smile like the sunny rays and leaves your worries at the blue blue bay. Gud mrng"
ham,I have had two more letters from . I will copy them for you cos one has a message for you. Speak soon
ham,"Sez, hows u & de arab boy? Hope u r all good give my love 2 evry1 love ya eshxxxxxxxxxxx"
ham,"That's fine, I'll bitch at you about it later then"
ham,"Sorry, I'll call later"
ham,Boooo you always work. Just quit.
ham,"Come to me, slave. Your doing it again ... Going into your shell and unconsciously avoiding me ... You are making me unhappy :-("
ham,You made my day. Do have a great day too.
spam,EASTENDERS TV Quiz. What FLOWER does DOT compare herself to? D= VIOLET E= TULIP F= LILY txt D E or F to 84025 NOW 4 chance 2 WIN £100 Cash WKENT/150P16+
ham,Or maybe my fat fingers just press all these buttons and it doesn't know what to do.
ham,U guys never invite me anywhere :(
ham,"Vikky, come around  &lt;TIME&gt; .."
ham,7 at esplanade.. Do ü mind giving me a lift cos i got no car today..
ham,"Some friends want me to drive em someplace, probably take a while"
ham,I liked the new mobile
ham,I'm stuck in da middle of da row on da right hand side of da lt... 
spam,Double Mins & Double Txt & 1/2 price Linerental on Latest Orange Bluetooth mobiles. Call MobileUpd8 for the very latest offers. 08000839402 or call2optout/LF56
spam,"Urgent -call 09066649731from Landline. Your complimentary 4* Ibiza Holiday or £10,000 cash await collection SAE T&Cs PO BOX 434 SK3 8WP 150ppm 18+"
ham,"Yeah there's quite a bit left, I'll swing by tomorrow when I get up"
ham,Pass dis to all ur contacts n see wat u get! Red;i'm in luv wid u. Blue;u put a smile on my face. Purple;u r realy hot. Pink;u r so swt. Orange;i thnk i lyk u. Green;i realy wana go out wid u. Yelow;i wnt u bck. Black;i'm jealous of u. Brown;i miss you Nw plz giv me one color
ham,Now that you have started dont stop. Just pray for more good ideas and anything i see that can help you guys i.ll forward you a link.
ham,Armand says get your ass over to epsilon
ham,"Babe, I'm back ... Come back to me ..."
ham,I've been trying to reach him without success
spam,Congratulations YOU'VE Won. You're a Winner in our August £1000 Prize Draw. Call 09066660100 NOW. Prize Code 2309.
ham,Purity of friendship between two is not about smiling after reading the forwarded message..Its about smiling just by seeing the name. Gud evng musthu
ham,"Finally it has happened..! Aftr decades..! BEER is now cheaper than PETROL! The goverment expects us to ""DRINK"". . . But don't ""DRIVE """
ham,Y lei?
ham,Yeah just open chat and click friend lists. Then make the list. Easy as pie
ham,Wrong phone! This phone! I answer this one but assume the other is people i don't well
ham,Id onluy matters when getting on from offcampus
ham,Okie...
spam,Get ur 1st RINGTONE FREE NOW! Reply to this msg with TONE. Gr8 TOP 20 tones to your phone every week just £1.50 per wk 2 opt out send STOP 08452810071 16
ham,K I'll take care of it
ham,By monday next week. Give me the full gist
ham,Quite lor. But dun tell him wait he get complacent...
ham,"Very hurting n meaningful lines ever: ""I compromised everything for my love, But at d end my love compromised me for everything:-("".. Gud mornin:-)"
ham,Doesn't g have class early tomorrow and thus shouldn't be trying to smoke at  &lt;#&gt;
ham,"The guy (kadeem) hasn't been selling since the break, I know one other guy but he's paranoid as fuck and doesn't like selling without me there and I can't be up there til late tonight"
ham,U studying in sch or going home? Anyway i'll b going 2 sch later.
ham,It's ok i noe u're busy but i'm really too bored so i msg u. I oso dunno wat colour she choose 4 me one.
ham,Hi neva worry bout da truth coz the truth will lead me 2 ur heart. Its the least a unique person like u deserve. Sleep tight or morning
spam,Panasonic & BluetoothHdset FREE. Nokia FREE. Motorola FREE & DoubleMins & DoubleTxt on Orange contract. Call MobileUpd8 on 08000839402 or call 2optout
ham,"Madam,regret disturbance.might receive a reference check from DLF Premarica.kindly be informed.Rgds,Rakhesh,Kerala."
ham,S but mostly not like that.
ham,"A bit of Ur smile is my hppnss, a drop of Ur tear is my sorrow, a part of Ur heart is my life, a heart like mine wil care for U, forevr as my GOODFRIEND"
ham,Argh why the fuck is nobody in town ;_;
ham,"Ya ok, vikky vl c witin  &lt;#&gt; mins and il reply u.."
ham,Yes:)here tv is always available in work place..
ham,"Ditto. And you won't have to worry about me saying ANYTHING to you anymore. Like i said last night, you do whatever you want and i'll do the same. Peace."
spam,PRIVATE! Your 2003 Account Statement for 07815296484 shows 800 un-redeemed S.I.M. points. Call 08718738001 Identifier Code 41782 Expires 18/11/04 
ham,"That day ü say ü cut ur hair at paragon, is it called hair sense? Do ü noe how much is a hair cut? "
ham,Lol I have to take it. member how I said my aunt flow didn't visit for 6 months? It's cause I developed ovarian cysts. Bc is the only way to shrink them.
ham,And stop being an old man. You get to build snowman snow angels and snowball fights.
ham,I wil be there with in  &lt;#&gt;  minutes. Got any space
ham,Yeah like if it goes like it did with my friends imma flip my shit in like half an hour
ham,"Height of Confidence: All the Aeronautics professors wer calld &amp; they wer askd 2 sit in an aeroplane. Aftr they sat they wer told dat the plane ws made by their students. Dey all hurried out of d plane.. Bt only 1 didnt move... He said:""if it is made by my students,this wont even start........ Datz confidence.."
ham,I wont do anything de.
ham,"Ok, be careful ! Don't text and drive !"
ham,How i noe... She's in da car now... Later then c lar... I'm wearing shorts...
spam,Ur cash-balance is currently 500 pounds - to maximize ur cash-in now send GO to 86688 only 150p/meg. CC: 08718720201 HG/Suite342/2lands Row/W1j6HL
ham,If anyone calls for a treadmill say you'll buy it. Make sure its working. I found an ad on Craigslist selling for $ &lt;#&gt; .
ham,Horrible gal. Me in sch doing some stuff. How come u got mc?
spam,No 1 POLYPHONIC tone 4 ur mob every week! Just txt PT2 to 87575. 1st Tone FREE ! so get txtin now and tell ur friends. 150p/tone. 16 reply HL 4info
spam,FREE for 1st week! No1 Nokia tone 4 ur mob every week just txt NOKIA to 8007 Get txting and tell ur mates www.getzed.co.uk POBox 36504 W45WQ norm150p/tone 16+
ham,Ugh I don't wanna get out of bed. It's so warm.
ham,Haha... can... But i'm having dinner with my cousin...
spam,"You've won tkts to the EURO2004 CUP FINAL or £800 CASH, to collect CALL 09058099801 b4190604, POBOX 7876150ppm"
ham,"Yeah I think my usual guy's still passed out from last night, if you get ahold of anybody let me know and I'll throw down"
ham,Theyre doing it to lots of places. Only hospitals and medical places are safe.
ham,See you there! 
spam,Had your mobile 11mths ? Update for FREE to Oranges latest colour camera mobiles & unlimited weekend calls. Call Mobile Upd8 on freefone 08000839402 or 2StopTx
ham,Ok i found dis pierre cardin one which looks normal costs 20 its on sale.
ham,K then 2marrow are you coming to class.
ham,Are you willing to go for apps class.
ham,O. Guess they both got screwd
ham,I‘m parked next to a MINI!!!! When are you coming in today do you think?
spam,"Hello from Orange. For 1 month's free access to games, news and sport, plus 10 free texts and 20 photo messages, reply YES. Terms apply: www.orange.co.uk/ow"
ham,Wife.how she knew the time of murder exactly
spam,U have a Secret Admirer who is looking 2 make contact with U-find out who they R*reveal who thinks UR so special-call on 09065171142-stopsms-08718727870150ppm
ham,"Sorry, I'll call later"
spam,"Text82228>> Get more ringtones, logos and games from www.txt82228.com. Questions: info@txt82228.co.uk"
ham,Havent still waitin as usual... Ü come back sch oredi?
ham,"Sorry, I'll call later"
ham,"Yeah, probably here for a while"
spam,Call FREEPHONE 0800 542 0578 now!
ham,"How's my loverboy doing ? What does he do that keeps him from coming to his Queen, hmmm ? Doesn't he ache to speak to me ? Miss me desparately ?"
spam,Dear Voucher Holder 2 claim your 1st class airport lounge passes when using Your holiday voucher call 08704439680. When booking quote 1st class x 2
ham,Ryder unsold.now gibbs.
ham,Is there any training tomorrow?
ham,Spending new years with my brother and his family. Lets plan to meet next week. Are you ready to be spoiled? :)
ham,Where are you ? You said you would be here when I woke ... :-(
ham,I'm fine. Hope you are good. Do take care.
ham,No de.am seeing in online shop so that i asked.
ham,First answer my question.
ham,"Yeah, probably earlier than that"
ham,S...i will take mokka players only:)
spam,Thanks 4 your continued support Your question this week will enter u in2 our draw 4 £100 cash. Name the NEW US President? txt ans to 80082
ham,O ic lol. Should play 9 doors sometime yo
ham,"Well, I was about to give up cos they all said no they didn‘t do one nighters. I persevered and found one but it is very cheap so i apologise in advance. It is just somewhere to sleep isnt it?"
ham,"Cool, I'll text you when I'm on the way"
ham,I probably won't eat at all today. I think I'm gonna pop. How was your weekend? Did u miss me?
ham,Ya even those cookies have jelly on them
ham,So how's scotland. Hope you are not over showing your JJC tendencies. Take care. Live the dream
ham,Let Ur Heart Be Ur Compass Ur Mind Ur Map Ur Soul Ur Guide And U Will Never loose in world....gnun - Sent via WAY2SMS.COM
ham,Purity of friendship between two is not about smiling after reading the forwarded message..Its about smiling just by seeing the name. Gud evng musthu
ham,I come n pick ü up... Come out immediately aft ur lesson...
ham,Actually I decided I was too hungry so I haven't left yet :V
ham,Are you free now?can i call now?
ham,"After my work ah... Den 6 plus lor... U workin oso rite... Den go orchard lor, no other place to go liao..."
ham,"Sorry, I'll call later"
ham,HI DARLIN I FINISH AT 3 DO U 1 2 PICK ME UP OR MEET ME? TEXT BACK ON THIS NUMBER LUV KATE XXX
ham,Dear we got  &lt;#&gt;  dollars hi hi
ham,Ummma.will call after check in.our life will begin from qatar so pls pray very hard.
ham,Ok... U enjoy ur shows...
spam,"Will u meet ur dream partner soon? Is ur career off 2 a flyng start? 2 find out free, txt HORO followed by ur star sign, e. g. HORO ARIES"
ham,Omg it could snow here tonite!
ham,"Fun fact: although you would think armand would eventually build up a tolerance or some shit considering how much he smokes, he gets fucked up in like 2 hits"
ham,I want to sent  &lt;#&gt; mesages today. Thats y. Sorry if i hurts
ham,Just finished eating. Got u a plate. NOT leftovers this time.
ham,Ahhh. Work. I vaguely remember that! What does it feel like? Lol
ham,"Dear,regret i cudnt pick call.drove down frm ctla now at cochin home.left mobile in car..ente style ishtamayoo?happy bakrid!"
spam,"Want to funk up ur fone with a weekly new tone reply TONES2U 2 this text. www.ringtones.co.uk, the original n best. Tones 3GBP network operator rates apply"
ham,What your plan for pongal?
ham,&lt;#&gt;  great loxahatchee xmas tree burning update: you can totally see stars here
ham,IM REALY SOZ IMAT MY MUMS 2NITE WHAT ABOUT 2MORO 
ham,"Sir, I need AXIS BANK account no and bank address."
ham,How? Izzit still raining?
ham,Y de asking like this.
spam,"HOT LIVE FANTASIES call now 08707509020 Just 20p per min NTT Ltd, PO Box 1327 Croydon CR9 5WB 0870 is a national rate call"
ham,"Wen ur lovable bcums angry wid u, dnt take it seriously.. Coz being angry is d most childish n true way of showing deep affection, care n luv!.. kettoda manda... Have nice day da."
ham,Great comedy..cant stop laughing da:)
ham,"St andre, virgil's cream"
ham,Wow so healthy. Old airport rd lor. Cant thk of anything else. But i'll b bathing my dog later.
ham,No. Its not specialisation. Can work but its slave labor. Will look for it this month sha cos no shakara 4 beggar.
spam,Well done ENGLAND! Get the official poly ringtone or colour flag on yer mobile! text TONE or FLAG to 84199 NOW! Opt-out txt ENG STOP. Box39822 W111WX £1.50
ham,"Okay, good, no problem, and thanx!"
ham,Why did I wake up on my own &gt;:(
spam,Thanks for your subscription to Ringtone UK your mobile will be charged £5/month Please confirm by replying YES or NO. If you reply NO you will not be charged
spam,"URGENT! Your mobile number *************** WON a £2000 Bonus Caller prize on 10/06/03! This is the 2nd attempt to reach you! Call 09066368753 ASAP! Box 97N7QP, 150ppm"
ham,This message is from a great Doctor in India:-): 1) Do not drink APPY FIZZ. It contains Cancer causing age
ham,Hello my little party animal! I just thought I'd buzz you as you were with your friends ...*grins*... Reminding you were loved and send a naughty adoring kiss
ham,Now am free call me pa.
spam,INTERFLORA - It's not too late to order Interflora flowers for christmas call 0800 505060 to place your order before Midnight tomorrow.
ham,Nationwide auto centre (or something like that) on Newport road. I liked them there
ham,"Well the weather in cali's great. But its complexities are great. You need a car to move freely, its taxes are outrageous. But all in all its a great place. The sad part is i missing home."
ham,Can you do a mag meeting this avo at some point?
spam,"HOT LIVE FANTASIES call now 08707509020 Just 20p per min NTT Ltd, PO Box 1327 Croydon CR9 5WB 0870..k"
ham,Do you always celebrate NY's with your family ?
ham,:) 
ham,I only haf msn. It's yijue@hotmail.com
ham,"Call me. I m unable to cal. Lets meet bhaskar, and deep"
ham,Dear where you will be when i reach there
ham,"I'm not sure, I was just checking out what was happening around the area"
ham,U still havent got urself a jacket ah?
ham,Feel Yourself That You Are Always Happy.. Slowly It Becomes Your Habit &amp; Finally It Becomes Part Of Your Life.. Follow It.. Happy Morning &amp; Have A Happy Day:)
ham,So u workin overtime nigpun?
ham,U don't know how stubborn I am. I didn't even want to go to the hospital. I kept telling Mark I'm not a weak sucker. Hospitals are for weak suckers.
ham,Why you Dint come with us.
spam,"In The Simpsons Movie released in July 2007 name the band that died at the start of the film? A-Green Day, B-Blue Day, C-Red Day. (Send A, B or C)"
spam,Message Important information for O2 user. Today is your lucky day! 2 find out why log onto http://www.urawinner.com there is a fantastic surprise awaiting you
ham,I wnt to buy a BMW car urgently..its vry urgent.but hv a shortage of  &lt;#&gt; Lacs.there is no source to arng dis amt. &lt;#&gt; lacs..thats my prob
spam,U are subscribed to the best Mobile Content Service in the UK for £3 per 10 days until you send STOP to 82324. Helpline 08706091795
spam,"500 New Mobiles from 2004, MUST GO! Txt: NOKIA to No: 89545 & collect yours today!From ONLY £1 www.4-tc.biz 2optout 087187262701.50gbp/mtmsg18 TXTAUCTION"
ham,We have to pick rayan macleran there.
ham,R u saying i should re order the slippers cos i had to pay for returning it.
ham,"I just got home babe, are you still awake ?"
ham,Que pases un buen tiempo or something like that
ham,"It's that time of the week again, ryan"
ham,Wot is u up 2 then bitch?
spam,U have a secret admirer who is looking 2 make contact with U-find out who they R*reveal who thinks UR so special-call on 09058094594
ham,"Jus chillaxin, what up"
ham,"We made it! Eta at taunton is 12:30 as planned, hope that‘s still okday?! Good to see you! :-xx"
ham,So i'm doing a list of buyers.
spam,For taking part in our mobile survey yesterday! You can now have 500 texts 2 use however you wish. 2 get txts just send TXT to 80160 T&C www.txt43.com 1.50p
ham,Idea will soon get converted to live:)
ham,I love to cuddle! I want to hold you in my strong arms right now...
ham,Did u got that persons story
ham,Why didn't u call on your lunch?
ham,U sure u can't take any sick time?
spam,+449071512431 URGENT! This is the 2nd attempt to contact U!U have WON £1250 CALL 09071512433 b4 050703 T&CsBCM4235WC1N3XX. callcost 150ppm mobilesvary. max£7. 50
ham,Its a big difference.  &lt;#&gt;  versus  &lt;#&gt;  every  &lt;#&gt; hrs
ham,Was just about to ask. Will keep this one. Maybe that's why you didn't get all the messages we sent you on glo
ham,At home also.
ham,Er yep sure. Props?
ham,How much would it cost to hire a hitman
ham,"Damn, poor zac doesn't stand a chance"
ham,I accidentally brought em home in the box
ham,Thnx dude. u guys out 2nite?
ham,But you dint in touch with me.
ham,Dip's cell dead. So i m coming with him. U better respond else we shall come back.
ham,No screaming means shouting..
spam,URGENT! Your Mobile number has been awarded with a £2000 prize GUARANTEED. Call 09061790121 from land line. Claim 3030. Valid 12hrs only 150ppm
ham,On the way to office da..
ham,Still i have not checked it da. . .
ham,Also remember the beads don't come off. Ever.
ham,Nope i waiting in sch 4 daddy... 
ham,Can you call me plz. Your number shows out of coveragd area. I have urgnt call in vasai &amp; have to reach before 4'o clock so call me plz
ham,I called and said all to him:)then he have to choose this future.
ham,There is no sense in my foot and penis.
ham,"Sorry, I'll call later"
ham,How are you doing? Hope you've settled in for the new school year. Just wishin you a gr8 day
ham,I'm e person who's doing e sms survey...
ham,Lol please do. Actually send a pic of yourself right now. I wanna see. Pose with a comb and hair dryer or something.
ham,"HEY BABE! FAR 2 SPUN-OUT 2 SPK AT DA MO... DEAD 2 DA WRLD. BEEN SLEEPING ON DA SOFA ALL DAY, HAD A COOL NYTHO, TX 4 FONIN HON, CALL 2MWEN IM BK FRMCLOUD 9! J X"
ham,"Sure, whenever you show the fuck up &gt;:("
ham,Lol I know! Hey someone did a great inpersonation of flea on the forums. I love it!
spam,Camera - You are awarded a SiPix Digital Camera! call 09061221066 fromm landline. Delivery within 28 days.
ham,Omg you can make a wedding chapel in frontierville? Why do they get all the good stuff?
spam,CDs 4u: Congratulations ur awarded £500 of CD gift vouchers or £125 gift guaranteed & Freeentry 2 £100 wkly draw xt MUSIC to 87066 TnCs www.ldew.com1win150ppmx3age16 
ham,"Well imma definitely need to restock before thanksgiving, I'll let you know when I'm out"
ham,Dear how you. Are you ok?
ham,Do u konw waht is rael FRIENDSHIP Im gving yuo an exmpel: Jsut ese tihs msg.. Evrey splleing of tihs msg is wrnog.. Bt sitll yuo can raed it wihtuot ayn mitsake.. GOODNIGHT &amp; HAVE A NICE SLEEP..SWEET DREAMS..
ham,Ok. So april. Cant wait
spam,"our mobile number has won £5000, to claim calls us back or ring the claims hot line on 09050005321."
ham,"Honeybee Said: *I'm d Sweetest in d World* God Laughed &amp; Said: *Wait,U Havnt Met d Person Reading This Msg* MORAL: Even GOD Can Crack Jokes! GM+GN+GE+GN:)"
ham,Aight what time you want me to come up?
spam,sexy sexy cum and text me im wet and warm and ready for some porn! u up for some fun? THIS MSG IS FREE RECD MSGS 150P INC VAT 2 CANCEL TEXT STOP
ham,"Sorry I flaked last night, shit's seriously goin down with my roommate, what you up to tonight?"
ham,So there's a ring that comes with the guys costumes. It's there so they can gift their future yowifes. Hint hint
ham,Doing my masters. When will you buy a bb cos i have for sale and how's bf
ham,I hope you that's the result of being consistently intelligent and kind. Start asking him about practicum links and keep your ears open and all the best. ttyl
spam,"Got what it takes 2 take part in the WRC Rally in Oz? U can with Lucozade Energy! Text RALLY LE to 61200 (25p), see packs or lucozade.co.uk/wrc & itcould be u!"
ham,"Yep, at derek's house now, see you Sunday &lt;3"
ham,I dont know what to do to come out of this so only am ask questions like this dont mistake me.
ham,Then any special there?
ham,Ü comin to fetch us oredi...
ham,Eat jap done oso aft ur lect wat... Ü got lect at 12 rite... 
spam,"Rock yr chik. Get 100's of filthy films &XXX pics on yr phone now. rply FILTH to 69669. Saristar Ltd, E14 9YT 08701752560. 450p per 5 days. Stop2 cancel"
spam,SMS AUCTION You have won a Nokia 7250i. This is what you get when you win our FREE auction. To take part send Nokia to 86021 now. HG/Suite342/2Lands Row/W1JHL 16+
ham,Ü takin linear algebra today?
ham,I am on the way to ur home
ham,So its to be poking man everyday that they teach you in canada abi! How are you. Just saying hi.
spam,"This is the 2nd time we have tried 2 contact u. U have won the 750 Pound prize. 2 claim is easy, call 08712101358 NOW! Only 10p per min. BT-national-rate"
ham,"Same here, but I consider walls and bunkers and shit important just because I never play on peaceful but I guess your place is high enough that it don't matter"
ham,"Yetunde, i'm sorry but moji and i seem too busy to be able to go shopping. Can you just please find some other way to get what you wanted us to get. Please forgive me. You can reply free via yahoo messenger."
ham,Sindu got job in birla soft ..
ham,Lemme know when you're here
ham,Or ill be a little closer like at the bus stop on the same street
spam,"Today's Offer! Claim ur £150 worth of discount vouchers! Text YES to 85023 now! SavaMob, member offers mobile! T Cs 08717898035. £3.00 Sub. 16 . Unsub reply X"
ham,I am on the way to tirupur.
spam,"Double mins and txts 4 6months FREE Bluetooth on Orange. Available on Sony, Nokia Motorola phones. Call MobileUpd8 on 08000839402 or call2optout/N9DX"
ham,Ok then i will come to ur home after half an hour
ham,E admin building there? I might b slightly earlier... I'll call u when i'm reaching...
ham,Ok I'm gonna head up to usf in like fifteen minutes
ham,Yup ü not comin :-(
ham,You've always been the brainy one.
ham,Yay! You better not have told that to 5 other girls either.
ham,Lol no. U can trust me.
ham,A pure hearted person can have a wonderful smile that makes even his/her enemies to feel guilty for being an enemy.. So catch the world with your smile..:) GOODMORNING &amp; HAVE A SMILEY SUNDAY..:)
ham,"He will, you guys close?"
ham,"Garbage bags, eggs, jam, bread, hannaford wheat chex"
ham,I had a good time too. Its nice to do something a bit different with my weekends for a change. See ya soon
ham,"Aight no rush, I'll ask jay"
ham,Oh and by the way you do have more food in your fridge! Want to go out for a meal tonight? 
ham,Wat so late still early mah. Or we juz go 4 dinner lor. Aiya i dunno...
spam,<Forwarded from 21870000>Hi - this is your Mailbox Messaging SMS alert. You have 4 messages. You have 21 matches. Please call back on 09056242159 to retrieve your messages and matches
ham,IM GONNAMISSU SO MUCH!!I WOULD SAY IL SEND U A POSTCARD BUTTHERES ABOUTAS MUCH CHANCE OF MEREMEMBERIN ASTHERE IS OFSI NOT BREAKIN HIS CONTRACT!! LUV Yaxx
ham,"So you think i should actually talk to him? Not call his boss in the morning? I went to this place last year and he told me where i could go and get my car fixed cheaper. He kept telling me today how much he hoped i would come back in, how he always regretted not getting my number, etc."
ham,Sad story of a Man - Last week was my b'day. My Wife did'nt wish me. My Parents forgot n so did my Kids . I went to work. Even my Colleagues did not wish.
ham,I told your number to gautham..
ham,"K so am I, how much for an 8th? Fifty?"
ham,"Yo carlos, a few friends are already asking me about you, you working at all this weekend?"
ham,Poor girl can't go one day lmao
ham,Anything is valuable in only 2 situations: First- Before getting it... Second- After loosing it...
spam,UR GOING 2 BAHAMAS! CallFREEFONE 08081560665 and speak to a live operator to claim either Bahamas cruise of£2000 CASH 18+only. To opt out txt X to 07786200117
ham,Sorry i've not gone to that place. I.ll do so tomorrow. Really sorry.
ham,Pls help me tell Ashley that i cant find her number oh
ham,"Nah man, my car is meant to be crammed full of people"
spam,"FREE2DAY sexy St George's Day pic of Jordan!Txt PIC to 89080 dont miss out, then every wk a saucy celeb!4 more pics c PocketBabe.co.uk 0870241182716 £3/wk"
ham,Hey what are you doing. Y no reply pa..
ham,"Short But Cute: ""Be a good person, but dont try to prove it.."" .Gud noon...."
ham,"Er, hello, things didn‘t quite go to plan – is limping slowly home followed by aa and with exhaust hanging off"
ham,K..k..any special today?
ham,"We're all getting worried over here, derek and taylor have already assumed the worst"
ham,Good night. Am going to sleep.
ham,"Babe! I fucking love you too !! You know? Fuck it was so good to hear your voice. I so need that. I crave it. I can't get enough. I adore you, Ahmad *kisses*"
ham,"So many people seems to be special at first sight, But only very few will remain special to you till your last sight.. Maintain them till life ends.. Sh!jas"
ham,Hey! Congrats 2u2. id luv 2 but ive had 2 go home!
ham,Not from this campus. Are you in the library?
ham,Call me when you get the chance plz &lt;3
ham,Am on the uworld site. Am i buying the qbank only or am i buying it with the self assessment also?
ham,Yup. Izzit still raining heavily cos i'm in e mrt i can't c outside.
ham,Bishan lar nearer... No need buy so early cos if buy now i gotta park my car...
spam,Great NEW Offer - DOUBLE Mins & DOUBLE Txt on best Orange tariffs AND get latest camera phones 4 FREE! Call MobileUpd8 free on 08000839402 NOW! or 2stoptxt T&Cs
ham,Yup. Thk of u oso boring wat.
ham,I anything lor...
ham,Genius what's up. How your brother. Pls send his number to my skype.
ham,"Found it, ENC  &lt;#&gt; , where you at?"
ham,Squeeeeeze!! This is christmas hug.. If u lik my frndshp den hug me back.. If u get 3 u r cute:) 6 u r luvd:* 9 u r so lucky;) None? People hate u:
ham,Oh k k:)but he is not a big hitter.anyway good
ham,Speak only when you feel your words are better than the silence... Gud mrng:-)
ham,Gam gone after outstanding innings.
ham,Good Morning my Dear........... Have a great &amp; successful day.
ham,"Good! No, don‘t need any receipts—well done! (…) Yes, please tell . What‘s her number, i could ring her"
ham,U ned to convince him tht its not possible witot hurting his feeling its the main
ham,"Aight, I'll hit you up when I get some cash"
spam,YOU HAVE WON! As a valued Vodafone customer our computer has picked YOU to win a £150 prize. To collect is easy. Just call 09061743386
spam,Bloomberg -Message center +447797706009 Why wait? Apply for your future http://careers. bloomberg.com
ham,I don wake since. I checked that stuff and saw that its true no available spaces. Pls call the embassy or send a mail to them.
spam,WIN a year supply of CDs 4 a store of ur choice worth £500 & enter our £100 Weekly draw txt MUSIC to 87066 Ts&Cs www.Ldew.com.subs16+1win150ppmx3
ham,I keep ten rs in my shelf:) buy two egg.
ham,"Sorry, I'll call later"
spam,Gr8 new service - live sex video chat on your mob - see the sexiest dirtiest girls live on ur phone - 4 details text horny to 89070 to cancel send STOP to 89070
ham,Yar but they say got some error.
spam,You have 1 new message. Please call 08712400200.
ham,Try to do something dear. You read something for exams
ham,"Hey j! r u feeling any better, hopeSo hunny. i amnow feelin ill & ithink i may have tonsolitusaswell! damn iam layin in bedreal bored. lotsof luv me xxxx"
ham,Mm i had my food da from out
ham,Ok lor. Msg me b4 u call.
ham,We're on the opposite side from where we dropped you off
ham,"Dad wanted to talk about the apartment so I got a late start, omw now"
ham,"Lol, oh you got a friend for the dog ?"
ham,Ok lor. I ned 2 go toa payoh 4 a while 2 return smth u wan 2 send me there or wat?
ham,No calls..messages..missed calls
ham,How long does it take to get it.
ham,Did u turn on the heater? The heater was on and set to &lt;#&gt; degrees.
ham,S:-)if we have one good partnership going we will take lead:)
ham,Come to my home for one last time i wont do anything. Trust me.
ham,Pls call me da. What happen.
ham,Ha... U jus ate honey ar? So sweet...
ham,Jus came back fr lunch wif my sis only. U leh?
ham,Wat r u doing now?
ham,Sorry i cant take your call right now. It so happens that there r 2waxsto do wat you want. She can come and ill get her medical insurance. And she'll be able to deliver and have basic care. I'm currently shopping for the right medical insurance for her. So just give me til friday morning. Thats when i.ll see the major person that can guide me to the right insurance.
ham,I am not sure about night menu. . . I know only about noon menu
ham,Nothing lor... A bit bored too... Then y dun u go home early 2 sleep today...
ham,Ummmmmaah Many many happy returns of d day my dear sweet heart.. HAPPY BIRTHDAY dear
ham,I AM AT THE GAS STATION. GO THERE.
ham,"I'm eatin now lor, but goin back to work soon... E mountain deer show huh... I watch b4 liao, very nice..."
ham,Then u better go sleep.. Dun disturb u liao.. U wake up then msg me lor..
ham,here is my new address -apples&pairs&all that malarky
ham,This is hoping you enjoyed your game yesterday. Sorry i've not been in touch but pls know that you are fondly bein thot off. Have a great week. Abiola
ham,Thank you princess! I want to see your nice juicy booty...
ham,Where in abj are you serving. Are you staying with dad or alone.
ham,How much she payed. Suganya.
ham,It does it on its own. Most of the time it fixes my spelling. But sometimes it gets a completely diff word. Go figure
ham,Hey anyway i have to :-)
spam,"Thanks for your ringtone order, ref number K718. Your mobile will be charged £4.50. Should your tone not arrive please call customer services on 09065069120"
spam,"tddnewsletter@emc1.co.uk (More games from TheDailyDraw) Dear Helen, Dozens of Free Games - with great prizesWith.."
ham, what number do u live at? Is it 11?
ham,Get ready for  &lt;#&gt;  inches of pleasure...
ham,Reverse is cheating. That is not mathematics.
ham,Hey cutie. How goes it? Here in WALES its kinda ok. There is like hills and shit but i still avent killed myself. 
ham,"How long before you get reply, just defer admission til next semester"
ham,Ok lor but not too early. Me still having project meeting now.
ham,"I do know what u mean,  is the king of not havin credit! I'm goin2bed now. Night night sweet! Only1more sleep! "
ham,"Yo, call me when you get the chance, a friend of mine wanted me to ask you about a big order"
ham,What is this 'hex' place you talk of? Explain!
ham,Thanks for picking up the trash.
ham,No need lar. Jus testing e phone card. Dunno network not gd i thk. Me waiting 4 my sis 2 finish bathing so i can bathe. Dun disturb u liao u cleaning ur room.
ham,"Sweetheart, hope you are not having that kind of day! Have one with loads of reasons to smile. Biola"
ham,Pls ask macho how much is budget for bb bold 2 is cos i saw a new one for  &lt;#&gt;  dollars.
ham,The world's most happiest frnds never have the same characters... Dey just have the best understanding of their differences...
ham,Am going to take bath ill place the key in window:-)
ham,"Say this slowly.? GOD,I LOVE YOU &amp; I NEED YOU,CLEAN MY HEART WITH YOUR BLOOD.Send this to Ten special people &amp; u c miracle tomorrow, do it,pls,pls do it..."
spam,"Thank you, winner notified by sms. Good Luck! No future marketing reply STOP to 84122 customer services 08450542832"
ham,"Hey...Great deal...Farm tour 9am to 5pm $95/pax, $50 deposit by 16 May"
spam,Please call our customer service representative on FREEPHONE 0808 145 4742 between 9am-11pm as you have WON a guaranteed £1000 cash or £5000 prize!
ham,No objection. My bf not coming.
ham,I'm home. Ard wat time will u reach?
ham,Mm have some kanji dont eat anything heavy ok
ham,Do ü noe if ben is going?
ham,"Hmm ok, i'll stay for like an hour cos my eye is really sore!"
ham,Yup i'm elaborating on the safety aspects and some other issues..
ham,Then what about further plan?
ham,on a Tuesday night r u 4 real
ham,Otherwise had part time job na-tuition..
ham,If we win its really no 1 side for long time.
ham,Been running but only managed 5 minutes and then needed oxygen! Might have to resort to the roller option!
ham,Ok.. Ü finishing soon?
ham,Lol yes. Our friendship is hanging on a thread cause u won't buy stuff.
ham,Shant disturb u anymore... Jia you...
ham,Your daily text from me – a favour this time
ham,Dis is yijue. I jus saw ur mail. In case huiming havent sent u my num. Dis is my num.
ham,"Pls send me a comprehensive mail about who i'm paying, when and how much."
spam,"FREE RINGTONE text FIRST to 87131 for a poly or text GET to 87131 for a true tone! Help? 0845 2814032 16 after 1st free, tones are 3x£150pw to e£nd txt stop"
ham,Give one miss from that number please
ham,Anything lor is she coming?
ham,And several to you sir.
ham,But i'm surprised she still can guess right lor...
ham,"No dude, its not fake..my frnds got money, thts y i'm reffering u..if u member wit my mail link, u vl be credited  &lt;#&gt; rs and il be getiing  &lt;#&gt; rs..i can draw my acc wen it is  &lt;#&gt; rs.."
ham,Hi! You just spoke to MANEESHA V. We'd like to know if you were satisfied with the experience. Reply Toll Free with Yes or No.
spam,Missed call alert. These numbers called but left no message. 07008009200
spam,"If you don't, your prize will go to another customer. T&C at www.t-c.biz 18+ 150p/min Polo Ltd Suite 373 London W1J 6HL Please call back if busy"
ham,Wa... U so efficient... Gee... Thanx...
ham,Din i tell u jus now 420
ham,"Ill call u 2mrw at ninish, with my address that icky American freek wont stop callin me 2 bad Jen k eh?"
ham,Just do what ever is easier for you
ham,She left it very vague. She just said she would inform the person in accounting about the delayed rent and that i should discuss with the housing agency about my renting another place. But checking online now and all places around usc are  &lt;#&gt;  and up
ham,"Didn't try, g and I decided not to head out"
ham,Ma head dey swell oh. Thanks for making my day
ham,SO IS TH GOWER MATE WHICH IS WHERE I AM!?! HOW R U MAN? ALL IS GOOD IN WALES ILL B BACK MORROW. C U THIS WK? WHO WAS THE MSG 4?  RANDOM!
ham,"Kind of. Just missed train cos of asthma attack, nxt one in half hr so driving in. not sure where to park."
ham,"Superb Thought- ""Be grateful that u dont have everything u want. That means u still have an opportunity to be happier tomorrow than u are today."":-)"
ham,I think you should go the honesty road. Call the bank tomorrow. Its the tough decisions that make us great people.
ham,I wanted to wish you a Happy New Year and I wanted to talk to you about some legal advice to do with when Gary and I split but in person. I'll make a trip to Ptbo for that. I hope everything is good with you babe and I love ya :)
ham,Wif my family booking tour package.
ham,"Sorry, I'll call later"
spam,Ur cash-balance is currently 500 pounds - to maximize ur cash-in now send CASH to 86688 only 150p/msg. CC: 08718720201 PO BOX 114/14 TCR/W1
ham,You are right though. I can't give you the space you want and need. This is really starting to become an issue. I was going to suggest setting a definite move out--if i'm still there-- after greece. But maybe you are ready and should do it now.
spam,Natalja (25/F) is inviting you to be her friend. Reply YES-440 or NO-440 See her: www.SMS.ac/u/nat27081980 STOP? Send STOP FRND to 62468
ham,I might come to kerala for 2 days.so you can be prepared to take a leave once i finalise .dont plan any travel during my visit.need to finish urgent works.
ham,K sure am in my relatives home. Sms me de. Pls:-)
ham,I hope your pee burns tonite.
ham,Only once then after ill obey all yours.
ham,", ow u dey.i paid 60,400thousad.i told  u would call . "
ham,Ffffffffff. Alright no way I can meet up with you sooner?
ham,Oh shut it. Omg yesterday I had a dream that I had 2 kids both boys. I was so pissed. Not only about the kids but them being boys. I even told mark in my dream that he was changing diapers cause I'm not getting owed in the face.
spam,Are you unique enough? Find out from 30th August. www.areyouunique.co.uk
ham,Keep my payasam there if rinu brings
ham,I love your ass! Do you enjoy doggy style? :)
ham,Yup ok...
ham,"Ok. Can be later showing around 8-8:30 if you want + cld have drink before. Wld prefer not to spend money on nosh if you don't mind, as doing that nxt wk."
ham,Here got lots of hair dresser fr china.
spam,WOW! The Boys R Back. TAKE THAT 2007 UK Tour. Win VIP Tickets & pre-book with VIP Club. Txt CLUB to 81303. Trackmarque Ltd info@vipclub4u.
ham,"Aight that'll work, thanks"
ham,"Yeah that's what I thought, lemme know if anything's goin on later"
ham,I don know account details..i will ask my mom and send you.my mom is out of reach now.
ham,Im at arestaurant eating squid! i will be out about 10:30 wanna dosomething or is that to late?
ham,"Hey sexy buns ! Have I told you ? I adore you, loverboy. I hope you remember to thank your sister in law for those meatballs *grins* ... i love you, babe"
ham,You do your studies alone without anyones help. If you cant no need to study.
ham,"HELLOGORGEOUS, HOWS U? MY FONE WAS ON CHARGE LST NITW WEN U TEXD ME. HOPEU AD A NICE WKEND AS IM SURE U DID LOOKIN 4WARD 2 C-IN U 2MRW LUV JAZ"
ham,Ok... Take ur time n enjoy ur dinner...
ham,Today is ACCEPT DAY..U Accept me as? Brother Sister Lover Dear1 Best1 Clos1 Lvblefrnd Jstfrnd Cutefrnd Lifpartnr Belovd Swtheart Bstfrnd No rply means enemy
ham,Tell them no need to investigate about me anywhere.
ham,Hasn't that been the pattern recently crap weekends?
ham,I'm watching lotr w my sis dis aft. So u wan 2 meet me 4 dinner at nite a not?
ham,Never y lei... I v lazy... Got wat? Dat day ü send me da url cant work one...
ham,MY NEW YEARS EVE WAS OK. I WENT TO A PARTY WITH MY BOYFRIEND. WHO IS THIS SI THEN HEY
ham,What happen to her tell the truth
ham,MAYBE IF YOU WOKE UP BEFORE FUCKING 3 THIS WOULDN'T BE A PROBLEM.
ham,i am seeking a lady in the street and a freak in the sheets. Is that you?
spam,Hi I'm sue. I am 20 years old and work as a lapdancer. I love sex. Text me live - I'm i my bedroom now. text SUE to 89555. By TextOperator G2 1DA 150ppmsg 18+
spam,Married local women looking for discreet action now! 5 real matches instantly to your phone. Text MATCH to 69969 Msg cost 150p 2 stop txt stop BCMSFWC1N3XX
ham,Dunno lei ü all decide lor. How abt leona? Oops i tot ben is going n i msg him.
ham,Smith waste da.i wanna gayle.
ham,I can ask around but there's not a lot in terms of mids up here
ham,Bbq this sat at mine from 6ish. Ur welcome 2 come
ham,This pay is  &lt;DECIMAL&gt;  lakhs:)
ham,My sister got placed in birla soft da:-)
ham,I place all ur points on e cultures module already.
ham,I like to think there's always the possibility of being in a pub later.
ham,Well good morning mr . Hows london treatin' ya treacle?
spam,CALL 09090900040 & LISTEN TO EXTREME DIRTY LIVE CHAT GOING ON IN THE OFFICE RIGHT NOW TOTAL PRIVACY NO ONE KNOWS YOUR [sic] LISTENING 60P MIN 24/7MP 0870753331018+
ham,Hey you told your name to gautham ah?
ham,What is your record for one night? :)
ham,R u sure they'll understand that! Wine * good idea just had a slurp!
ham,Were gonna go get some tacos
spam,Boltblue tones for 150p Reply POLY# or MONO# eg POLY3 1. Cha Cha Slide 2. Yeah 3. Slow Jamz 6. Toxic 8. Come With Me or STOP 4 more tones txt MORE
spam,RECPT 1/3. You have ordered a Ringtone. Your order is being processed...
ham,She.s fine. I have had difficulties with her phone. It works with mine. Can you pls send her another friend request.
ham,Well there's not a lot of things happening in Lindsay on New years *sighs* Some bars in Ptbo and the blue heron has something going
ham,"LOOK AT AMY URE A BEAUTIFUL, INTELLIGENT WOMAN AND I LIKE U A LOT. I KNOW U DONT LIKE ME LIKE THAT SO DONT WORRY."
ham,Sos! Any amount i can get pls.
ham,Must come later.. I normally bathe him in da afternoon mah..
ham,"I sent you the prices and do you mean the  &lt;#&gt; g,"
ham,Or u ask they all if next sat can a not. If all of them can make it then i'm ok lor.
ham,No..he joined today itself.
ham,Sweet heart how are you?
spam,Bought one ringtone and now getting texts costing 3 pound offering more tones etc
ham,Where to get those?
ham,You should get more chicken broth if you want ramen unless there's some I don't know about
ham,We're finally ready fyi
ham,Aight do you still want to get money
spam,SplashMobile: Choose from 1000s of gr8 tones each wk! This is a subscrition service with weekly tones costing 300p. U have one credit - kick back and ENJOY
ham,Shall call now dear having food
ham,"And very importantly, all we discuss is between u and i only."
ham,"Hiya, probably coming home * weekend after next"
ham,Good sleep is about rhythm. The person has to establish a rhythm that the body will learn and use. If you want to know more :-)
ham,I think i am disturbing her da
ham,No rushing. I'm not working. I'm in school so if we rush we go hungry.
ham,Hi missed your Call and my mumHas beendropping red wine all over theplace! what is your adress?
ham,All will come alive.better correct any good looking figure there itself..
ham,What time is ur flight tmr?
ham,I just cooked a rather nice salmon a la you
ham,NONE!NOWHERE IKNO DOESDISCOUNT!SHITINNIT
ham,Nt joking seriously i told
ham,Goodnight da thangam I really miss u dear.
ham,"Good afternoon loverboy ! How goes you day ? Any luck come your way? I think of you, sweetie and send my love across the sea to make you smile and happy"
ham,"New Theory: Argument wins d SITUATION, but loses the PERSON. So dont argue with ur friends just.. . . . kick them &amp; say, I'm always correct.!"
ham,Y ü wan to go there? C doctor?
spam,"SIX chances to win CASH! From 100 to 20,000 pounds txt> CSH11 and send to 87575. Cost 150p/day, 6days, 16+ TsandCs apply Reply HL 4 info"
spam,Get the official ENGLAND poly ringtone or colour flag on yer mobile for tonights game! Text TONE or FLAG to 84199. Optout txt ENG STOP Box39822 W111WX £1.50
ham,Lol I was gonna last month. I cashed some in but I left &lt;#&gt; just in case. I was collecting more during the week cause they announced it on the blog.
ham,You could have seen me..i did't recognise you Face.:)
spam,"U can WIN £100 of Music Gift Vouchers every week starting NOW Txt the word DRAW to 87066 TsCs www.ldew.com SkillGame,1Winaweek, age16.150ppermessSubscription"
ham,"House-Maid is the murderer, coz the man was murdered on  &lt;#&gt; th January.. As public holiday all govt.instituitions are closed,including post office..understand?"
ham,"Solve d Case : A Man Was Found Murdered On  &lt;DECIMAL&gt; . &lt;#&gt;  AfterNoon. 1,His wife called Police. 2,Police questioned everyone. 3,Wife: Sir,I was sleeping, when the murder took place. 4.Cook: I was cooking. 5.Gardener: I was picking vegetables. 6.House-Maid: I went 2 d post office. 7.Children: We went 2 play. 8.Neighbour: We went 2 a marriage. Police arrested d murderer Immediately. Who's It? Reply With Reason, If U r Brilliant."
ham,Done it but internet connection v slow and can‘t send it. Will try again later or first thing tomo.
ham,"Living is very simple.. Loving is also simple.. Laughing is too simple.. Winning is tooo simple.. But, Being 'SIMPLE' is very difficult...;-) :-)"
ham,Do u konw waht is rael FRIENDSHIP Im gving yuo an exmpel: Jsut ese tihs msg.. Evrey splleing of tihs msg is wrnog.. Bt sitll yuo can raed it wihtuot ayn mitsake.. GOODNIGHT &amp; HAVE A NICE SLEEP..SWEET DREAMS..
ham,"Hmmm.... Mayb can try e shoppin area one, but forgot e name of hotel..."
ham,I dunno until when... Lets go learn pilates...
ham,"For you information, IKEA is spelled with all caps. That is not yelling. when you thought i had left you, you were sitting on the bed among the mess when i came in. i said we were going after you got home from class. please don't try and bullshit me. It makes me want to listen to you less."
ham,And he's apparently bffs with carly quick now
ham,No..but heard abt tat..
ham,As in different styles?
ham,And of course you should make a stink!
ham,Lol yep did that yesterday. Already got my fireplace. Now its just another icon sitting there for me.
ham,"K, text me when you're on the way"
ham,Yar... I tot u knew dis would happen long ago already.
ham,Roger that. We‘re probably going to rem in about 20
ham,"I've got ten bucks, jay is being noncomittal"
ham,I think steyn surely get one wicket:)
ham,Prabha..i'm soryda..realy..frm heart i'm sory
ham,"No idea, I guess we'll work that out an hour after we're supposed to leave since as usual nobody has any interest in figuring shit out before the last second"
ham,"Mum, i've sent you many many messages since i got here. I just want to know that you are actually getting them. Do enjoy the rest of your day."
ham,Then why you came to hostel.
ham,"I wake up long ago already... Dunno, what other thing?"
ham,Stupid.its not possible
ham,Whom you waited for yesterday
ham,Hey you can pay. With salary de. Only  &lt;#&gt; .
ham,"Buzz! Hey, my Love ! I think of you and hope your day goes well. Did you sleep in ? I miss you babe. I long for the moment we are together again*loving smile*"
ham,Wish i were with you now!
ham,"Sorry da thangam, very very sorry i am held up with prasad."
ham,"I'm not coming over, do whatever you want"
ham,Thinking of u ;) x
ham,Good words.... But words may leave u in dismay many times.
ham,If i start sending blackberry torch to nigeria will you find buyer for me?like 4a month. And tell dad not to buy bb from anyone oh.
ham,U havent lost me ill always b here 4u.i didnt intend 2 hurt u but I never knew how u felt about me when Iwas+marine&thats what itried2tell urmom.i careabout u
ham,"Love isn't a decision, it's a feeling. If we could decide who to love, then, life would be much simpler, but then less magical"
ham,I cant pick the phone right now. Pls send a message
ham,I miss you so much I'm so desparate I have recorded the message you left for me the other day and listen to it just to hear the sound of your voice. I love you
ham,Ok lor.
ham,"Storming msg: Wen u lift d phne, u say ""HELLO"" Do u knw wt is d real meaning of HELLO?? . . . It's d name of a girl..! . . . Yes.. And u knw who is dat girl?? ""Margaret Hello"" She is d girlfrnd f Grahmbell who invnted telphone... . . . . Moral:One can 4get d name of a person, bt not his girlfrnd... G o o d n i g h t . . .@"
ham,I am great princess! What are you thinking about me? :)
ham,Yes... I trust u to buy new stuff ASAP so I can try it out
ham,Well. You know what i mean. Texting
ham,Going for dinner.msg you after.
ham,"Bill, as in: Are there any letters for me. i’m expecting one from orange that isn’t a bill but may still say orange on it."
ham,Am watching house – very entertaining – am getting the whole hugh laurie thing – even with the stick – indeed especially with the stick.
ham,"Okies... I'll go yan jiu too... We can skip ard oso, go cine den go mrt one, blah blah blah... "
ham,"Aight, I'm chillin in a friend's room so text me when you're on the way"
ham,jay says he'll put in  &lt;#&gt;
ham,"1.20 that call cost. Which i guess isnt bad. Miss ya, need ya, want ya, love ya"
ham,Aiyah then i wait lor. Then u entertain me. Hee...
ham,"Sorry, I'll call later"
ham,I am in bus on the way to calicut
spam,Send a logo 2 ur lover - 2 names joined by a heart. Txt LOVE NAME1 NAME2 MOBNO eg LOVE ADAM EVE 07123456789 to 87077 Yahoo! POBox36504W45WQ TxtNO 4 no ads 150p.
ham,Lol they don't know about my awesome phone. I could click delete right now if I want.
ham,Ok both our days. So what are you making for dinner tonite? Am I invited?
ham,Go fool dont cheat others ok
ham,Juz go google n search 4 qet...
ham,Umma. Did she say anything
ham,Hey sathya till now we dint meet not even a single time then how can i saw the situation sathya.
ham,I told her I had a Dr appt next week. She thinks I'm gonna die. I told her its just a check. Nothing to be worried about. But she didn't listen.
ham,have you ever had one foot before?
ham,Will be office around 4 pm. Now i am going hospital.
ham,Yo im right by yo work
ham,Who's there say hi to our drugdealer
ham,Purity of friendship between two is not about smiling after reading the forwarded message..Its about smiling just by seeing the name. Gud evng
ham,That's y u haf 2 keep me busy...
ham,Does she usually take fifteen fucking minutes to respond to a yes or no question
ham,"Fair enough, anything going on?"
ham,You were supposed to wake ME up &gt;:(
ham,"Nothing, smsing u n xy lor. Sorry lor da guys neva c u in person but they sort of know u lor. So u wan 2 meet them xy ask me 2 bring u along 4 our next meeting."
ham,Ü still attending da talks?
spam,PRIVATE! Your 2003 Account Statement for 07973788240 shows 800 un-redeemed S. I. M. points. Call 08715203649 Identifier Code: 40533 Expires 31/10/04
ham,"We have sent JD for Customer Service cum Accounts Executive to ur mail id, For details contact us"
spam,Had your mobile 10 mths? Update to latest Orange camera/video phones for FREE. Save £s with Free texts/weekend calls. Text YES for a callback orno to opt out
ham,K k pa Had your lunch aha.
ham,Ü come lt 25 n pass to me lar
spam,Please CALL 08712402902 immediately as there is an urgent message waiting for you.
ham,"Good afternoon, my love. How goes your day ? What are you up to ? I woke early and am online waiting for you ... Hmmm ... Italian boy is online I see . *grins*"
ham,Ok not a problem will get them a taxi. C ing  tomorrow and tuesday. On tuesday think we r all going to the cinema. 
spam,"SPJanuary Male Sale! Hot Gay chat now cheaper, call 08709222922. National rate from 1.5p/min cheap to 7.8p/min peak! To stop texts call 08712460324 (10p/min)"
ham,"Rose for red,red for blood,blood for heart,heart for u. But u for me.... Send tis to all ur friends.. Including me.. If u like me.. If u get back, 1-u r poor in relation! 2-u need some 1 to support 3-u r frnd 2 many 4-some1 luvs u 5+- some1 is praying god to marry u.:-) try it...."
ham,Play w computer? Aiyah i tok 2 u lor?
spam,"To review and KEEP the fantastic Nokia N-Gage game deck with Club Nokia, go 2 www.cnupdates.com/newsletter. unsubscribe from alerts reply with the word OUT"
spam,You have 1 new voicemail. Please call 08719181513.
ham,"Beautiful Truth against Gravity.. Read carefully: ""Our heart feels light when someone is in it.. But it feels very heavy when someone leaves it.."" GOOD NIGHT"
spam,Bored housewives! Chat n date now! 0871750.77.11! BT-national rate 10p/min only from landlines!
ham,No i am not having not any movies in my laptop
ham,No:-)i got rumour that you going to buy apartment in chennai:-)
ham,I am not having her number sir
ham,I know complain num only..bettr directly go to bsnl offc nd apply for it..
ham,"Hey elaine, is today's meeting still on?"
ham,"Time n Smile r the two crucial things in our life. Sometimes time makes us to forget smile, and sometimes someone's smile makes us to forget time gud noon"
ham,"Sometimes we put walls around our hearts,not just to be safe from getting hurt.. But to find out who cares enough to break the walls &amp; get closer.. GOODNOON:)"
ham,Ya that one is slow as poo
ham,HEY DAS COOL... IKNOW ALL 2 WELLDA PERIL OF STUDENTFINANCIAL CRISIS!SPK 2 U L8R.
ham,"Hi frnd, which is best way to avoid missunderstding wit our beloved one's?"
ham,Jus finish watching tv... U?
ham,"OH RITE. WELL IM WITH MY BEST MATE PETE, WHO I WENT OUT WITH 4 A WEEK+ NOW WERE 2GEVA AGAIN. ITS BEEN LONGER THAN A WEEK."
ham,Hi babe its me thanks for coming even though it didnt go that well!i just wanted my bed! Hope to see you soon love and kisses xxx
ham,Did you get any gift? This year i didnt get anything. So bad
ham,I'm really sorry i won't b able 2 do this friday.hope u can find an alternative.hope yr term's going ok:-)
spam,Customer service annoncement. You have a New Years delivery waiting for you. Please call 07046744435 now to arrange delivery
ham,"Urgh, coach hot, smells of chip fat! Thanks again, especially for the duvet (not a predictive text word)."
ham,Some of them told accenture is not confirm. Is it true.
spam,http//tms. widelive.com/index. wml?id=820554ad0a1705572711&first=true¡C C Ringtone¡
ham,Never blame a day in ur life. Good days give u happiness. Bad days give u experience. Both are essential in life! All are Gods blessings! good morning.:
ham,Ok. She'll be ok. I guess
ham,I thk 530 lor. But dunno can get tickets a not. Wat u doing now?
ham,Hi its Kate it was lovely to see you tonight and ill phone you tomorrow. I got to sing and a guy gave me his card! xxx
ham,K...k...yesterday i was in cbe .
ham,Thought we could go out for dinner. I'll treat you! Seem ok?
ham,Can you do online transaction?
ham,PISS IS TALKING IS SOMEONE THAT REALISE U THAT POINT THIS AT IS IT.(NOW READ IT BACKWARDS)
ham,How many licks does it take to get to the center of a tootsie pop?
ham,I always chat with you. In fact i need money can you raise me?
ham,Wife.how she knew the time of murder exactly
ham,Your dad is back in ph?
ham,"Sorry, I'll call later"
ham,"life alle mone,eppolum oru pole allalo"
ham,You're gonna have to be way more specific than that
ham,"Do whatever you want. You know what the rules are. We had a talk earlier this week about what had to start happening, you showing responsibility. Yet, every week it's can i bend the rule this way? What about that way? Do whatever. I'm tired of having thia same argument with you every week. And a  &lt;#&gt;  movie DOESNT inlude the previews. You're still getting in after 1."
spam,Ringtone Club: Get the UK singles chart on your mobile each week and choose any top quality ringtone! This message is free of charge.
ham,"I wasn't well babe, i have swollen glands at my throat ... What did you end up doing ?"
ham,Yeh. Indians was nice. Tho it did kane me off a bit he he. We shud go out 4 a drink sometime soon. Mite hav 2 go 2 da works 4 a laugh soon. Love Pete x x
ham,I am thinking of going down to reg for pract lessons.. Flung my advance.. Haha wat time u going?
ham,Do you still have the grinder?
ham,"Hey sorry I didntgive ya a a bellearlier hunny,just been in bedbut mite go 2 thepub l8tr if uwana mt up?loads a luv Jenxxx."
ham,"K, wen ur free come to my home and also tel vikky i hav sent mail to him also.. Better come evening il be free today aftr 6pm..:-)"
ham,He's in lag. That's just the sad part but we keep in touch thanks to skype
spam,Reply to win £100 weekly! Where will the 2006 FIFA World Cup be held? Send STOP to 87239 to end service
ham,No probably  &lt;#&gt; %.
ham,Now press conference da:)
ham,Why tired what special there you had
ham,My computer just fried the only essential part we don't keep spares of because my fucking idiot roommates looovvve leaving the thing running on full  &lt;#&gt; /7
ham,Dunno lei... I thk mum lazy to go out... I neva ask her yet...
ham,The Xmas story is peace.. The Xmas msg is love.. The Xmas miracle is jesus.. Hav a blessed month ahead &amp; wish U Merry Xmas...
ham,Who were those people ? Were you in a tour ? I thought you were doing that sofa thing you sent me ? Your curious sugar
spam,Todays Vodafone numbers ending with 4882 are selected to a receive a £350 award. If your number matches call 09064019014 to receive your £350 award.
ham,I had it already..sabarish asked me to go..
ham,Can come my room but cannot come my house cos my house still messy... Haha...
ham,Nothin comes to my mind. Ü help me buy hanger lor. Ur laptop not heavy?
ham,Hello-/@drivby-:0quit edrunk sorry iff pthis makes no senrd-dnot no how ^ dancce 2 drum n basq!ihave fun 2nhite x ros xxxxxxx
ham,Do you mind if I ask what happened? You dont have to say if it is uncomfortable.
ham,Really? I crashed out cuddled on my sofa.
ham,How much are we getting?
spam,Your credits have been topped up for http://www.bubbletext.com Your renewal Pin is tgxxrz
ham,Think + da. You wil do.
spam,You won't believe it but it's true. It's Incredible Txts! Reply G now to learn truly amazing things that will blow your mind. From O2FWD only 18p/txt
ham,"Sorry, I'll call later"
ham,Rats. Hey did u ever vote for the next themes?
ham,I‘ll have a look at the frying pan in case it‘s cheap or a book perhaps. No that‘s silly a frying pan isn‘t likely to be a book
ham,I wont. So wat's wit the guys
ham,"Oh, the grand is having a bit of a party but it doesn't mention any cover charge so it's probably first come first served"
ham,K k :-):-) then watch some films.
ham,The basket's gettin full so I might be by tonight
ham,So how's the weather over there?
ham,This is ur face test ( 1 2 3 4 5 6 7 8 9  &lt;#&gt;  ) select any number i will tell ur face astrology.... am waiting. quick reply...
ham,Tell me pa. How is pain de.
ham,Love you aathi..love u lot..
ham,Those ducking chinchillas
ham,"7 wonders in My WORLD 7th You 6th Ur style 5th Ur smile 4th Ur Personality 3rd Ur Nature 2nd Ur SMS and 1st ""Ur Lovely Friendship""... good morning dear"
ham,I wait 4 ü inside da car park...
ham,What's up. Do you want me to come online?
ham,"Yeah, we can probably swing by once my roommate finishes up with his girl"
ham,"I am in tirupur da, once you started from office call me."
ham,"Thank you so much. When we skyped wit kz and sura, we didnt get the pleasure of your company. Hope you are good. We've given you ultimatum oh! We are countin down to aburo. Enjoy!"
spam,Burger King - Wanna play footy at a top stadium? Get 2 Burger King before 1st Sept and go Large or Super with Coca-Cola and walk out a winner
ham,Aiyo a bit pai seh ü noe... Scared he dun rem who i am then die... Hee... But he become better lookin oredi leh...
ham,Ü got wat to buy tell us then ü no need to come in again.
ham,I am going to sleep. I am tired of travel.
ham," says that he's quitting at least5times a day so i wudn't take much notice of that. Nah, she didn't mind. Are you gonna see him again? Do you want to come to taunton tonight? U can tell me all about !"
ham,If you're thinking of lifting me one then no.
ham,Oh dang! I didn't mean o send that to you! Lol!
spam,"Thanks for your ringtone order, reference number X49.Your mobile will be charged 4.50. Should your tone not arrive please call customer services 09065989182"
spam,from www.Applausestore.com MonthlySubscription@50p/msg max6/month T&CsC web age16 2stop txt stop
ham,I've reached sch already...
ham,Go chase after her and run her over while she's crossing the street
ham,"Isn't frnd a necesity in life? imagine urself witout a frnd.. hw'd u feel at ur colleg? wat'll u do wth ur cell? wat abt functions? thnk abt events espe'll cared, missed &amp; irritated u? 4wrd it to all those dear-loving frnds wthout whom u cant live.. I jst did it.. Takecare..:) GOODMORNING"
ham,Its on in engalnd! But telly has decided it won't let me watch it and mia and elliot were kissing! Damn it!
spam,Your 2004 account for 07XXXXXXXXX shows 786 unredeemed points. To claim call 08719181259 Identifier code: XXXXX Expires 26.03.05
ham,Fwiw the reason I'm only around when it's time to smoke is that because of gas I can only afford to be around when someone tells me to be and that apparently only happens when somebody wants to light up
ham,Are you staying in town ?
ham,How. Its a little difficult but its a simple way to enter this place
ham,Normally i use to drink more water daily:)
ham,And pls pls drink plenty plenty water
ham,Can i meet ü at 5.. As 4 where depends on where ü wan 2 in lor..
ham,Thats cool. I want to please you...
ham,Stop the story. I've told him i've returned it and he's saying i should not re order it.
ham,Yes :)it completely in out of form:)clark also utter waste.
ham,Buzzzz! *grins* Did I buzz your ass? Buzz your chest ? Buzz your cock ? Where do you keep your phone ? Is the vibrator on ? Did you feel it shake ?
ham,No no. I will check all rooms befor activities
ham,If he started searching he will get job in few days.he have great potential and talent.
ham,"Yeah there's barely enough room for the two of us, x has too many fucking shoes. Sorry man, see you later"
ham,"Now u sound like manky scouse boy steve,like! I is travelling on da bus home.wot has u inmind 4 recreation dis eve?"
spam,Ur HMV Quiz cash-balance is currently £500 - to maximize ur cash-in now send HMV1 to 86688 only 150p/msg
ham,No message..no responce..what happend?
ham,What's the significance?
ham,I wont touch you with out your permission.
ham,"Tick, tick, tick .... Where are you ? I could die of loneliness you know ! *pouts* *stomps feet* I need you ..."
ham,Lmao ok I wont be needing u to do my hair anymore.
ham,I am in escape theatre now. . Going to watch KAVALAN in a few minutes
ham,No probs hon! How u doinat the mo?
ham,When did i use soc... I use it only at home... Ü dunno how 2 type it in word ar...
ham,Stupid.its not possible
ham,"Haha awesome, omw back now then"
ham,"Yeah, don't go to bed, I'll be back before midnight"
ham,Not a lot has happened here. Feels very quiet. Beth is at her aunts and charlie is working lots. Just me and helen in at the mo. How have you been? 
ham,Carlos'll be here in a minute if you still need to buy
ham,Pls give her the food preferably pap very slowly with loads of sugar. You can take up to an hour to give it. And then some water. Very very slowly.
ham,Tell where you reached
ham,I dont. Can you send it to me. Plus how's mode.
ham,May i call You later Pls
ham,Was gr8 to see that message. So when r u leaving? Congrats dear. What school and wat r ur plans.
ham,"I.ll always be there, even if its just in spirit. I.ll get a bb soon. Just trying to be sure i need it."
spam,"URGENT! Your Mobile No was awarded a £2,000 Bonus Caller Prize on 1/08/03! This is our 2nd attempt to contact YOU! Call 0871-4719-523 BOX95QU BT National Rate"
ham,I dunno they close oredi not... Ü v ma fan...
ham,Tired. I haven't slept well the past few nights.
ham,Yup i've finished c ü there...
spam,"Congrats! 1 year special cinema pass for 2 is yours. call 09061209465 now! C Suprman V, Matrix3, StarWars3, etc all 4 FREE! bx420-ip4-5we. 150pm. Dont miss out! "
ham,Its not that time of the month nor mid of the time?
spam,"Customer service announcement. We recently tried to make a delivery to you but were unable to do so, please call 07090298926 to re-schedule. Ref:9307622"
ham,I uploaded mine to Facebook
ham,"Get the door, I'm here"
ham,Oic cos me n my sis got no lunch today my dad went out... So dunno whether 2 eat in sch or wat...
ham,"I know where the  &lt;#&gt;  is, I'll be there around 5"
ham,Just taste fish curry :-P
ham,Your account has been refilled successfully by INR  &lt;DECIMAL&gt; . Your KeralaCircle prepaid account balance is Rs  &lt;DECIMAL&gt; . Your Transaction ID is KR &lt;#&gt; .
ham,I wnt to buy a BMW car urgently..its vry urgent.but hv a shortage of  &lt;#&gt; Lacs.there is no source to arng dis amt. &lt;#&gt; lacs..thats my prob
ham,You see the requirements please
ham,Ugh. Gotta drive back to sd from la. My butt is sore.
ham,What should i eat fo lunch senor
ham,Lol your always so convincing.
ham,Ok i juz receive..
ham,THING R GOOD THANX GOT EXAMS IN MARCH IVE DONE NO REVISION? IS FRAN STILL WITH BOYF? IVE GOTTA INTERVIW 4 EXETER BIT WORRIED!x
ham,Yeah if we do have to get a random dude we need to change our info sheets to PARTY  &lt;#&gt; /7 NEVER STUDY just to be safe
ham,Was the farm open?
ham,"House-Maid is the murderer, coz the man was murdered on  &lt;#&gt; th January.. As public holiday all govt.instituitions are closed,including post office..understand?"
ham,"Yeah I am, so I'll leave maybe 7ish?"
ham,Hey mr whats the name of that bill brison book the one about language and words 
ham,U can call now...
ham,"Aight, lemme know what's up"
spam,Urgent Please call 09066612661 from landline. £5000 cash or a luxury 4* Canary Islands Holiday await collection. T&Cs SAE award. 20M12AQ. 150ppm. 16+ “
ham,cool. We will have fun practicing making babies!
ham,"Party's at my place at usf, no charge (but if you can contribute in any way it is greatly appreciated) and yeah, we got room for one more"
ham,I.ll post her out l8r. In class
ham,What time should I tell my friend to be around?
ham,I'm home.
spam,Urgent! Please call 09061743810 from landline. Your ABTA complimentary 4* Tenerife Holiday or #5000 cash await collection SAE T&Cs Box 326 CW25WX 150 ppm
ham,Haf u eaten? Wat time u wan me 2 come?
spam,Someone U know has asked our dating service 2 contact you! Cant Guess who? CALL 09058091854 NOW all will be revealed. PO BOX385 M6 6WU
ham,Ok lor. Anyway i thk we cant get tickets now cos like quite late already. U wan 2 go look 4 ur frens a not? Darren is wif them now...
ham,No problem. How are you doing?
ham,Whos this am in class:-)
ham,LOOK AT THE FUCKIN TIME. WHAT THE FUCK YOU THINK IS UP
ham,I asked sen to come chennai and search for job.
ham,"Haha just kidding, papa needs drugs"
ham,Good night my dear.. Sleepwell&amp;Take care
ham,"I'm an actor. When i work, i work in the evening and sleep late. Since i'm unemployed at the moment, i ALWAYS sleep late. When you're unemployed, every day is saturday."
spam,URGENT This is our 2nd attempt to contact U. Your £900 prize from YESTERDAY is still awaiting collection. To claim CALL NOW 09061702893
ham,Ok...
ham,That's a shame! Maybe cld meet for few hrs tomo?
ham,Ok but tell me half an hr b4 u come i need 2 prepare.
ham,"Haha awesome, I've been to 4u a couple times. Who all's coming?"
ham,No current and food here. I am alone also
ham,....photoshop makes my computer shut down.
ham,Been up to ne thing interesting. Did you have a good birthday? When are u wrking nxt? I started uni today.
spam,You have WON a guaranteed £1000 cash or a £2000 prize. To claim yr prize call our customer service representative on 08714712394 between 10am-7pm
ham,Did u got that persons story
ham,I love ya too but try and budget your money better babe. Gary would freak on me if he knew
ham,Good morning princess! How are you?
ham,If you ask her or she say any please message.
ham,"Hmm well, night night "
spam,SMS. ac Sptv: The New Jersey Devils and the Detroit Red Wings play Ice Hockey. Correct or Incorrect? End? Reply END SPTV
spam,Get a brand new mobile phone by being an agent of The Mob! Plus loads more goodies! For more info just text MAT to 87021.
ham,Oh ho. Is this the first time u use these type of words
ham,I want to lick your pussy now...
ham,I see a cup of coffee animation
ham,"Nah, Wednesday. When should I bring the mini cheetos bag over?"
ham,This is my number by vivek..
ham,";-( oh well, c u later"
ham,Am slow in using biola's fne
ham,Dunno he jus say go lido. Same time 930.
ham,Its a valentine game. . . send dis msg to all ur friends. . If 5 answers r d same then someone really loves u. . Ques- which colour suits me the best?
ham,"Thanx. Yup we coming back on sun. Finish dinner going back 2 hotel now. Time flies, we're tog 4 exactly a mth today. Hope we'll haf many more mths to come..."
ham,U can call me now...
ham,You bad girl. I can still remember them
spam,GENT! We are trying to contact you. Last weekends draw shows that you won a £1000 prize GUARANTEED. Call 09064012160. Claim Code K52. Valid 12hrs only. 150ppm 
ham,No dear i do have free messages without any recharge. Hi hi hi
ham,i am going to bed now prin
ham,Oooh I got plenty of those!
ham,Will you come online today night
ham,Where are the garage keys? They aren't on the bookshelf
ham,Prabha..i'm soryda..realy..frm heart i'm sory
ham,"Ah, well that confuses things, doesnt it? I thought was friends with now. Maybe i did the wrong thing but i already sort of invited -tho he may not come cos of money."
spam,Not heard from U4 a while. Call 4 rude chat private line 01223585334 to cum. Wan 2C pics of me gettin shagged then text PIX to 8552. 2End send STOP 8552 SAM xxx
ham,Y dun cut too short leh. U dun like ah? She failed. She's quite sad.
ham,S...from the training manual it show there is no tech process:)its all about password reset and troubleshooting:)
spam,"Welcome to Select, an O2 service with added benefits. You can now call our specially trained advisors FREE from your mobile by dialling 402."
ham,Yes. They replied my mail. I'm going to the management office later. Plus will in to bank later also.or on wednesday.
spam,"URGENT! You have won a 1 week FREE membership in our £100,000 Prize Jackpot! Txt the word: CLAIM to No: 81010 T&C www.dbuk.net LCCLTD POBOX 4403LDNW1A7RW18"
spam,Want a new Video Phone? 750 anytime any network mins? Half price line rental free text for 3 months? Reply or call 08000930705 for free delivery
ham,She.s good. She was wondering if you wont say hi but she.s smiling now. So how are you coping with the long distance
ham,There is a first time for everything :)
ham,That's good. Lets thank God. Please complete the drug. Have lots of water. And have a beautiful day.
ham,Yup it's at paragon... I havent decided whether 2 cut yet... Hee...
ham,"Sorry, I'll call later"
ham,"Aight, I'll text you when I'm back"
ham,Tell me again what your address is
ham,Yun buying... But school got offer 2000 plus only...
ham,Yes.he have good crickiting mind
ham,Let me know if you need anything else. Salad or desert or something... How many beers shall i get?
ham,Hi darlin im on helens fone im gonna b up the princes 2 nite please come up tb love Kate
ham,Ok...
ham,"Ups which is 3days also, and the shipping company that takes 2wks. The other way is usps which takes a week but when it gets to lag you may have to bribe nipost to get your stuff."
ham,"I keep seeing weird shit and bein all ""woah"" then realising it's actually reasonable and I'm all ""oh"""
ham,:-) :-)
ham,* Am on my way
ham,Oh wow thats gay. Will firmware update help
ham,I'm on da bus going home...
spam,"Dear Voucher Holder, To claim this weeks offer, at you PC please go to http://www.e-tlp.co.uk/expressoffer Ts&Cs apply. To stop texts, txt STOP to 80062"
ham,"I call you later, don't have network. If urgnt, sms me."
ham,Kind of. Took it to garage. Centre part of exhaust needs replacing. Part ordered n taking it to be fixed tomo morning.
ham,Whatsup there. Dont u want to sleep
ham,Later i guess. I needa do mcat study too.
ham,"It,,s a taxt massage....tie-pos argh ok! Lool!"
spam,"HOT LIVE FANTASIES call now 08707500020 Just 20p per min NTT Ltd, PO Box 1327 Croydon CR9 5WB 0870 is a national rate call"
ham,Meanwhile in the shit suite: xavier decided to give us  &lt;#&gt;  seconds of warning that samantha was coming over and is playing jay's guitar to impress her or some shit. Also I don't think doug realizes I don't live here anymore
ham,"I wonder if your phone battery went dead ? I had to tell you, I love you babe"
ham,Oic... Then better quickly go bathe n settle down...
ham,"Good afternon, my love. How are today? I hope your good and maybe have some interviews. I wake and miss you babe. A passionate kiss from across the sea"
ham,I tot it's my group mate... Lucky i havent reply... Wat time do ü need to leave... 
ham,Babes I think I got ur brolly I left it in English wil bring it in 2mrw 4 u luv Franxx
ham,An excellent thought by a misundrstud frnd: I knw u hate me bt the day wen u'll knw the truth u'll hate urself:-( Gn:-)
spam,YOU HAVE WON! As a valued Vodafone customer our computer has picked YOU to win a £150 prize. To collect is easy. Just call 09061743386 
ham,For real when u getting on yo? I only need 2 more tickets and one more jacket and I'm done. I already used all my multis.
ham,He didn't see his shadow. We get an early spring yay
spam,Hi 07734396839 IBH Customer Loyalty Offer: The NEW NOKIA6600 Mobile from ONLY £10 at TXTAUCTION!Txt word:START to No:81151 & get Yours Now!4T&
ham,Ya but it cant display internal subs so i gotta extract them
ham,You said to me before i went back to bed that you can't sleep for anything.
ham,"It's fine, imma get a drink or somethin. Want me to come find you?"
ham,Ok lor wat time ü finish?
ham,"Aight, you close by or still down around alex's place?"
spam,Someone has conacted our dating service and entered your phone because they fancy you!To find out who it is call from landline 09111030116. PoBox12n146tf15
ham,Also fuck you and your family for going to rhode island or wherever the fuck and leaving me all alone the week I have a new bong &gt;:(
ham,Congratulations ore mo owo re wa. Enjoy it and i wish you many happy moments to and fro wherever you go
ham,Ok enjoy . R u there in home.
ham,"Best msg: It's hard to be with a person, when u know that one more step foward will make u fall in love.. &amp; One step back can ruin ur friendship.. good night:-) ..."
ham,Aiyar u so poor thing... I give u my support k... Jia you! I'll think of u...
ham,Fuck babe ... What happened to you ? How come you never came back?
ham,Hi:)did you asked to waheeda fathima about leave?
ham,Then get some cash together and I'll text jason
ham,Sounds great! Im going to sleep now. Have a good night!
ham,Mum say we wan to go then go... Then she can shun bian watch da glass exhibition... 
ham,Ya very nice. . .be ready on thursday
ham,Dunno lei... I might b eatin wif my frens... If ü wan to eat then i wait 4 ü lar
ham,"It's wylie, you in tampa or sarasota?"
ham,"Im in inperialmusic listening2the weirdest track ever byleafcutter john-sounds like insects being molested&someone plumbing,remixed by evil men on acid!"
spam,Ur TONEXS subscription has been renewed and you have been charged £4.50. You can choose 10 more polys this month. www.clubzed.co.uk *BILLING MSG*
ham,"Hey, iouri gave me your number, I'm wylie, ryan's friend"
spam,You are being ripped off! Get your mobile content from www.clubmoby.com call 08717509990 poly/true/Pix/Ringtones/Games six downloads for only 3
ham,"No my blankets are sufficient, thx"
spam,You have won a guaranteed 32000 award or maybe even £1000 cash to claim ur award call free on 0800 ..... (18+). Its a legitimat efreefone number wat do u think???
ham,HEY GIRL. HOW R U? HOPE U R WELL ME AN DEL R BAK! AGAIN LONG TIME NO C! GIVE ME A CALL SUM TIME FROM LUCYxx
ham,Good Morning my Dear Shijutta........... Have a great &amp; successful day.
ham,Thank you. do you generally date the brothas?
ham,"LOL .. *grins* .. I'm not babe, but thanks for thinking of me!"
ham,"You at mu? You should try to figure out how much money everyone has for gas and alcohol, jay and I are trying to figure out our weed budget"
ham,Lol alright i was thinkin that too haha
ham,K:)i will give my kvb acc details:)
ham,Wewa is 130. Iriver 255. All 128 mb.
ham,But i dint slept in afternoon.
ham,"We know TAJ MAHAL as symbol of love. But the other lesser known facts 1. Mumtaz was Shahjahan's 4th wife, out of his 7 wifes. 2. Shahjahan killed Mumtaz's husband to marry her. 3. Mumtaz died in her  &lt;#&gt; th delivery. 4. He then married Mumtaz's sister. Question arises where the Hell is the LOVE?:-| -The Great Hari-"
ham,Love it! Daddy will make you scream with pleasure! I am going to slap your ass with my dick!
ham,Wat's my dear doing? Sleeping ah?
ham,HELLO PEACH! MY CAKE TASTS LUSH!
ham,Ok. I.ll do you right later.
ham,"Its good, we'll find a way"
ham,"Could you not read me, my Love ? I answered you"
ham,Weightloss! No more girl friends. Make loads of money on ebay or something. And give thanks to God.
ham,"Thursday night? Yeah, sure thing, we'll work it out then"
ham,Ok i thk i got it. Then u wan me 2 come now or wat?
spam,Do you want 750 anytime any network mins 150 text and a NEW video phone for only five pounds per week call 08000776320 now or reply for delivery Tomorrow
ham,Now got tv 2 watch meh? U no work today?
ham,"Two fundamentals of cool life: ""Walk, like you are the KING""...! OR ""Walk like you Dont care,whoever is the KING""!... Gud nyt"
ham,Smile in Pleasure Smile in Pain Smile when trouble pours like Rain Smile when sum1 Hurts U Smile becoz SOMEONE still Loves to see u Smiling!!
ham,"I promise to take good care of you, princess. I have to run now. Please send pics when you get a chance. Ttyl!"
ham,Up to ü... Ü wan come then come lor... But i din c any stripes skirt...
spam,URGENT We are trying to contact you Last weekends draw shows u have won a £1000 prize GUARANTEED Call 09064017295 Claim code K52 Valid 12hrs 150p pm
ham,Bring it if you got it
ham,yay! finally lol. i missed our cinema trip last week :-(
ham,"Just checked out, heading out to drop off my stuff now"
ham,"Cant believe i said so many things to you this morning when all i really wanted to say was good morning, i love you! Have a beautiful morning. See you in the library later."
ham,either way works for me. I am  &lt;#&gt;  years old. Hope that doesnt bother you.
spam,"Shop till u Drop, IS IT YOU, either 10K, 5K, £500 Cash or £100 Travel voucher, Call now, 09064011000. NTT PO Box CR01327BT fixedline Cost 150ppm mobile vary"
ham,"Haha, my friend tyler literally just asked if you could get him a dubsack"
ham,"Looks like you found something to do other than smoke, great job!"
ham,How to Make a girl Happy? It's not at all difficult to make girls happy. U only need to be... 1. A friend 2. Companion 3. Lover 4. Chef . . .  &lt;#&gt; . Good listener  &lt;#&gt; . Organizer  &lt;#&gt; . Good boyfriend  &lt;#&gt; . Very clean  &lt;#&gt; . Sympathetic  &lt;#&gt; . Athletic  &lt;#&gt; . Warm . . .  &lt;#&gt; . Courageous  &lt;#&gt; . Determined  &lt;#&gt; . True  &lt;#&gt; . Dependable  &lt;#&gt; . Intelligent . . .  &lt;#&gt; . Psychologist  &lt;#&gt; . Pest exterminator  &lt;#&gt; . Psychiatrist  &lt;#&gt; . Healer . .  &lt;#&gt; . Stylist  &lt;#&gt; . Driver . . Aaniye pudunga venaam..
ham, and  picking them up from various points
ham,Joy's father is John. Then John is the NAME of Joy's father. Mandan
ham,Ya:)going for restaurant..
ham,Reverse is cheating. That is not mathematics.
ham,Just normal only here :)
ham,"I shall book chez jules for half eight, if that's ok with you?"
ham,Love has one law; Make happy the person you love. In the same way friendship has one law; Never make ur friend feel alone until you are alive.... Gud night
ham,Message:some text missing* Sender:Name Missing* *Number Missing *Sent:Date missing *Missing U a lot thats y everything is missing sent via fullonsms.com
ham,They said ü dun haf passport or smth like dat.. Or ü juz send to my email account..  
ham,"I don't have anybody's number, I still haven't thought up a tactful way to ask alex"
ham,Just sleeping..and surfing
ham,Oops my phone died and I didn't even know. Yeah I like it better.
ham,K.k:)when are you going?
spam,2p per min to call Germany 08448350055 from your BT line. Just 2p per min. Check PlanetTalkInstant.com for info & T's & C's. Text stop to opt out
spam,"URGENT! Your mobile No 077xxx WON a £2,000 Bonus Caller Prize on 02/06/03! This is the 2nd attempt to reach YOU! Call 09066362206 ASAP! BOX97N7QP, 150ppm"
ham,"The world suffers a lot... Not because of the violence of bad people. But because of the silence of good people!, Gud night...."
ham,I want snow. It's just freezing and windy.
spam,Text & meet someone sexy today. U can find a date or even flirt its up to U. Join 4 just 10p. REPLY with NAME & AGE eg Sam 25. 18 -msg recd@thirtyeight pence
ham,Thanks for being there for me just to talk to on saturday. You are very dear to me. I cherish having you as a brother and role model.
ham,Pls dont restrict her from eating anythin she likes for the next two days.
ham,"I didnt get ur full msg..sometext is missing, send it again"
ham,You flippin your shit yet?
ham,K do I need a login or anything
ham,I'm turning off my phone. My moms telling everyone I have cancer. And my sister won't stop calling. It hurts to talk. Can't put up with it. See u when u get home. Love u
ham,Well thats nice. Too bad i cant eat it
ham,"Dear,shall mail tonite.busy in the street,shall update you tonite.things are looking ok.varunnathu edukkukayee raksha ollu.but a good one in real sense."
ham,Are you up for the challenge? I know i am :)
ham,Yo do you know anyone  &lt;#&gt;  or otherwise able to buy liquor? Our guy flaked and right now if we don't get a hold of somebody its just 4 loko all night
ham,U sick still can go shopping?
ham,Ok... C ya...
ham,I re-met alex nichols from middle school and it turns out he's dealing!
ham,I'm in office now da:)where are you?
ham,"Sir, i am waiting for your call."
ham,"Coffee cake, i guess..."
ham,Did u find out what time the bus is at coz i need to sort some stuff out.
ham,Its good to hear from you
ham,Yup
ham,watever reLation u built up in dis world only thing which remains atlast iz lonlines with lotz n lot memories! feeling..
ham,excellent. I spent  &lt;#&gt;  years in the Air Force. Iraq and afghanistan. I am stable and honest. do you like traveling?
spam,"5 Free Top Polyphonic Tones call 087018728737, National Rate. Get a toppoly tune sent every week, just text SUBPOLY to 81618, £3 per pole. UnSub 08718727870."
ham,I finished my lunch already. U wake up already?
ham,Dhoni have luck to win some big title.so we will win:)
ham,Still i have not checked it da. . .
ham,Lol well don't do it without me. We could have a big sale together.
ham,She ran off with a younger man. we will make pretty babies together :)
spam,T-Mobile customer you may now claim your FREE CAMERA PHONE upgrade & a pay & go sim card for your loyalty. Call on 0845 021 3680.Offer ends 28thFeb.T&C's apply
ham,They don't put that stuff on the roads to keep it from getting slippery over there?
ham,Oh oh... Den muz change plan liao... Go back have to yan jiu again...
ham,I meant as an apology from me for texting you to get me drugs at  &lt;#&gt; at night
ham,Small problem in auction:)punj now asking tiwary
ham,Aiyo u so poor thing... Then u dun wan 2 eat? U bathe already?
spam,"Did you hear about the new ""Divorce Barbie""? It comes with all of Ken's stuff!"
ham,Ok no prob. Take ur time.
ham,Should I tell my friend not to come round til like  &lt;#&gt; ish?
ham,I've reached home finally...
ham,I forgot 2 ask ü all smth.. There's a card on da present lei... How? Ü all want 2 write smth or sign on it?
ham,I am not having her number sir
ham,;-) ok. I feel like john lennon.
ham,Goodmorning sleeping ga.
ham,Gain the rights of a wife.dont demand it.i am trying as husband too.Lets see
ham,Missing you too.pray inshah allah
ham,"Sweet, we may or may not go to 4U to meet carlos so gauge patty's interest in that"
ham,U still going to the mall?
ham,Watch lor. I saw a few swatch one i thk quite ok. Ard 116 but i need 2nd opinion leh...
ham,It vl bcum more difficult..
ham,You unbelievable faglord
spam,Your unique user ID is 1172. For removal send STOP to 87239 customer services 08708034412
ham,Good morning princess! Have a great day!
ham,"Haha... Where got so fast lose weight, thk muz go 4 a month den got effect... Gee,later we go aust put bk e weight."
ham,Yeah so basically any time next week you can get away from your mom &amp; get up before 3
ham,"Science tells that chocolate will melt under the sunlight. Please don't walk under the sunlight. BCoz,I don't want to loss a sweet friend."
ham,"Also sir, i sent you an email about how to log into the usc payment portal. I.ll send you another message that should explain how things are back home. Have a great weekend."
ham,"Beautiful tomorrow never comes.. When it comes, it's already TODAY.. In the hunt of beautiful tomorrow don't waste your wonderful TODAY.. GOODMORNING:)"
ham,Can't. I feel nauseous. I'm so pissed. I didn't eat any sweets all week cause today I was planning to pig out. I was dieting all week. And now I'm not hungry :/
ham,I like dis sweater fr mango but no more my size already so irritating.
ham,And also I've sorta blown him off a couple times recently so id rather not text him out of the blue looking for weed
ham,"I love you !!! You know? Can you feel it? Does it make your belly warm? I wish it does, my love ... I shall meet you in your dreams, Ahmad ... *adoring kiss*"
ham,You please give us connection today itself before  &lt;DECIMAL&gt;  or refund the bill
ham,How i noe... Did ü specify da domain as nusstu... Ü still in sch...
ham,No way I'm going back there!
ham,Eh u send wrongly lar...
ham,"Response is one of d powerful weapon 2 occupy a place in others 'HEART'... So, always give response 2 who cares 4 U""... Gud night..swt dreams..take care"
ham,Hope you are having a great new semester. Do wish you the very best. You are made for greatness.
spam,"Loan for any purpose £500 - £75,000. Homeowners + Tenants welcome. Have you been previously refused? We can still help. Call Free 0800 1956669 or text back 'help'"
ham,Match started.india  &lt;#&gt;  for 2
spam,URGENT! We are trying to contact U Todays draw shows that you have won a £800 prize GUARANTEED. Call 09050000460 from land line. Claim J89. po box245c2150pm
spam,Hard LIVE 121 chat just 60p/min. Choose your girl and connect LIVE. Call 09094646899 now! Cheap Chat UK's biggest live service. VU BCM1896WC1N3XX
ham,"Hiya, sorry didn't hav signal. I haven't seen or heard from and neither has, which is unusual in itself! I'll put on the case and get him to sort it out! Hugs and snogs."
ham,"House-Maid is the murderer, coz the man was murdered on  &lt;#&gt; th January.. As public holiday all govt.instituitions are closed,including post office.."
ham,No you'll just get a headache trying to figure it out. U can trust me to do the math. I promise. O:-)
ham,S s..first time..dhoni rocks...
ham,No he didn't. Spring is coming early yay!
spam,Do you want a NEW video phone750 anytime any network mins 150 text for only five pounds per week call 08000776320 now or reply for delivery tomorrow
ham,Did you stitch his trouser
ham,Fuck cedar key and fuck her (come over anyway tho)
ham,Mom wants to know where you at
ham,Yeah you should. I think you can use your gt atm now to register. Not sure but if there's anyway i can help let me know. But when you do be sure you are ready.
ham,"My Parents, My Kidz, My Friends n My Colleagues. All screaming.. SURPRISE !! and I was waiting on the sofa.. ... ..... ' NAKED...!"
ham,I have a sore throat. It's scratches when I talk
ham,I cant pick the phone right now. Pls send a message
ham,K..k:)how much does it cost?
ham,"Machan you go to gym tomorrow,  i wil come late goodnight."
spam,You have 1 new message. Please call 08715205273
ham,"OH YEAH,AND HAV A GREAT TIME IN NEWQUAY-SEND ME A POSTCARD !1 LOOK AFTER ALL THE GIRLS WHILE IM GONE(U KNOW THE 1IM TALKIN BOUT!)xx"
ham,U should make a fb list
ham,In other news after hassling me to get him weed for a week andres has no money. HAUGHAIGHGTUJHYGUJ
ham,Mum ask ü to buy food home...
ham,"I hope your alright babe? I worry that you might have felt a bit desparate when you learned the job was a fake ? I am here waiting when you come back, my love"
ham,Pls confirm the time to collect the cheque.
ham,Yes.mum lookin strong:)
ham,U're welcome... Caught u using broken english again...
ham,"The  &lt;#&gt; g that i saw a few days ago, the guy wants sell wifi only for  &lt;#&gt;  and with 3g for  &lt;#&gt; . That's why i blanked him."
ham,"Hi this is yijue, can i meet u at 11 tmr?"
ham,Yes but I don't care cause I know its there!
ham,Mark works tomorrow. He gets out at 5. His work is by your house so he can meet u afterwards.
ham,"Hi, wkend ok but journey terrible. Wk not good as have huge back log of marking to do"
ham,"Great. I'm in church now, will holla when i get out"
ham,"No I'm good for the movie, is it ok if I leave in an hourish?"
ham,K and you're sure I don't have to have consent forms to do it :V
ham,"Sorry, I can't help you on this."
ham,"Under the sea, there lays a rock. In the rock, there is an envelope. In the envelope, there is a paper. On the paper, there are 3 words... '"
ham,Stupid.its not possible
ham,Ah you see. You have to be in the lingo. I will let you know wot on earth it is when has finished making it!
ham,Dunno cos i was v late n when i reach they inside already... But we ate spageddies lor... It's e gals who r laughing at me lor...
spam,FREEMSG: Our records indicate you may be entitled to 3750 pounds for the Accident you had. To claim for free reply with YES to this msg. To opt out text STOP
ham,I am in a marriage function
ham,Ok... Let u noe when i leave my house.
ham,Depends on where u going lor.
ham,R u meeting da ge at nite tmr?
ham,My battery is low babe
spam,Dear Dave this is your final notice to collect your 4* Tenerife Holiday or #5000 CASH award! Call 09061743806 from landline. TCs SAE Box326 CW25WX 150ppm
ham,I donno if they are scorable
ham,Of course. I guess god's just got me on hold right now.
ham,"Don't worry though, I understand how important it is that I be put in my place with a poorly thought out punishment in the face of the worst thing that has ever happened to me. Brb gonna go kill myself"
ham,Annoying isn't it.
ham,"Haha, just what I was thinkin"
ham,I liked your new house
ham,Hi i won't b ard 4 christmas. But do enjoy n merry x'mas.
ham,Y so late but i need to go n get da laptop...
ham,I though we shd go out n have some fun so bar in town or something – sound ok?
ham,"Yup. Anything lor, if u dun wan it's ok..."
ham,Dont talk to him ever ok its my word.
ham,"Oh really? perform, write a paper, go to a movie AND be home by midnight, huh?"
ham,"A bit of Ur smile is my hppnss, a drop of Ur tear is my sorrow, a part of Ur heart is my life, a heart like mine wil care for U, forevr as my GOODFRIEND"
ham,"Call me when you/carlos is/are here, my phone's vibrate is acting up and I might not hear texts"
ham,DO NOT B LATE LOVE MUM
ham,So how many days since then?
ham,"Fuuuuck I need to stop sleepin, sup"
ham,Take care and sleep well.you need to learn to change in life.you only need to get CONVINCED on that.i will wait but no more conversations between us.GET CONVINCED by that time.Your family is over for you in many senses.respect them but not overemphasise.or u have no role in my life.
spam,FREE MSG:We billed your mobile number by mistake from shortcode 83332.Please call 08081263000 to have charges refunded.This call will be free from a BT landline
spam,FREE for 1st week! No1 Nokia tone 4 ur mob every week just txt NOKIA to 8007 Get txting and tell ur mates www.getzed.co.uk POBox 36504 W45WQ norm150p/tone 16+
spam,"FREE RING TONE just text ""POLYS"" to 87131. Then every week get a new tone. 0870737910216yrs only £1.50/wk."
ham,"I'm nt goin, got somethin on, unless they meetin 4 dinner lor... Haha, i wonder who will go tis time..."
ham,In life when you face choices Just toss a coin not becoz its settle the question But while the coin in the air U will know what your heart is hoping for. Gudni8
ham,That's cause your old. I live to be high.
ham,Do you think i can move  &lt;#&gt;  in a week
ham,I didn't get the second half of that message
ham,Gimme a few was  &lt;#&gt;  minutes ago
ham,JADE ITS PAUL. Y DIDNT U TXT ME? DO U REMEMBER ME FROM BARMED? I WANT 2 TALK 2 U! TXT ME
ham,Well i will watch shrek in 3D!!B)
ham,K. I will sent it again
ham,Po de :-):):-):-):-). No need job aha.
ham,make that 3! 4 fucks sake?! x
ham,Okie
ham,Thanx...
ham,"Ok da, i already planned. I wil pick you."
ham,U reach orchard already? U wan 2 go buy tickets first?
ham,I am in your office na.
ham,O was not into fps then.
ham,&lt;#&gt; ISH MINUTES WAS 5 MINUTES AGO. WTF.
ham,I will come tomorrow di
ham,Macha dont feel upset.i can assume your mindset.believe me one evening with me and i have some wonderful plans for both of us.LET LIFE BEGIN AGAIN.call me anytime
ham,I've reached home n i bathe liao... U can call me now...
ham,Shopping lor. Them raining mah hard 2 leave orchard.
ham,I'm sick !! I'm needy !! I want you !! *pouts* *stomps feet* Where are you ?! *pouts* *stomps feet* I want my slave !! I want him now !!
ham,Send me your resume:-)
ham,do u think that any girl will propose u today by seing ur bloody funky shit fucking face...............asssssholeeee................
ham,Thts wat Wright Brother did to fly..
spam,money!!! you r a lucky winner ! 2 claim your prize text money 2 88600 over £1million to give away ! ppt150x3+normal text rate box403 w1t1jy
ham,Send me the new number
ham,"Right on brah, see you later"
ham,I also thk too fast... Xy suggest one not me. U dun wan it's ok. Going 2 rain leh where got gd.
ham,"I think your mentor is , but not 100 percent sure."
ham,Oh yah... We never cancel leh... Haha 
ham,"Hmm... Dunno leh, mayb a bag 4 goigng out dat is not too small. Or jus anything except perfume, smth dat i can keep."
ham,CHEERS FOR CALLIN BABE.SOZI CULDNT TALKBUT I WANNATELL U DETAILS LATER WENWECAN CHAT PROPERLY X
ham,Rofl betta invest in some  anti aging products
ham,Is there coming friday is leave for pongal?do you get any news from your work place.
spam,Thanks for the Vote. Now sing along with the stars with Karaoke on your mobile. For a FREE link just reply with SING now.
ham,"Perhaps * is much easy give your account identification, so i will tomorrow at UNI"
ham,I wonder if you'll get this text?
ham,Dun b sad.. It's over.. Dun thk abt it already. Concentrate on ur other papers k.
ham,Are you not around or just still asleep? :V
spam,Camera - You are awarded a SiPix Digital Camera! call 09061221066 fromm landline. Delivery within 28 days.
ham,Did u see what I posted on your Facebook?
ham,"not that I know of, most people up here are still out of town"
ham,Hahaha..use your brain dear
ham,I'm gonna rip out my uterus.
ham,U GOIN OUT 2NITE?
ham,COME BACK TO TAMPA FFFFUUUUUUU
ham,"Thanks, I'll keep that in mind"
ham,Hi Harish's rent has been transfred to ur Acnt.
ham,I want to send something that can sell fast.  &lt;#&gt; k is not easy money.
ham,"Im cool ta luv but v.tired 2 cause i have been doin loads of planning all wk, we have got our social services inspection at the nursery! Take care & spk sn x."
spam,"Urgent UR awarded a complimentary trip to EuroDisinc Trav, Aco&Entry41 Or £1000. To claim txt DIS to 87121 18+6*£1.50(moreFrmMob. ShrAcomOrSglSuplt)10, LS1 3AJ"
spam,FREE>Ringtone! Reply REAL or POLY eg REAL1 1. PushButton 2. DontCha 3. BabyGoodbye 4. GoldDigger 5. WeBeBurnin 1st tone FREE and 6 more when u join for £3/wk
ham,Ill be at yours in about 3 mins but look out for me
ham,"Fyi I'm taking a quick shower, be at epsilon in like  &lt;#&gt;  min"
ham,I knew it... U slept v late yest? Wake up so late...
ham,Sounds great! Are you home now?
ham,Speaking of does he have any cash yet?
ham,What you did in  leave.
ham,"Oh yes, why is it like torture watching england?"
ham,Are your freezing ? Are you home yet ? Will you remember to kiss your mom in the morning? Do you love me ? Do you think of me ? Are you missing me yet ?
ham,"That‘s the thing with apes, u can fight to the death to keep something, but the minute they have it when u let go, thats it!"
ham,"The world is running and i am still.maybe all are feeling the same,so be it.or i have to admit,i am mad.then where is the correction?or let me call this is life.and keep running with the world,may be u r also running.lets run."
spam,"Claim a 200 shopping spree, just call 08717895698 now! Have you won! MobStoreQuiz10ppm"
ham,I will be outside office take all from there
ham,"How about clothes, jewelry, and trips?"
ham,Sorry that was my uncle. I.ll keep in touch
ham,Hiya do u like the hlday pics looked horrible in them so took mo out! Hows the camp Amrca thing? Speak soon Serena:)
ham,"no, i *didn't* mean to post it. I wrote it, and like so many other times i've ritten stuff to you, i let it sit there. it WAS what i was feeling at the time. I was angry. Before i left, i hit send, then stop. It wasn't there. I checked on my phone when i got to my car. It wasn't there. You said you didn't sleep, you were bored. So why wouldn't THAT be the time to clean, fold laundry, etc.? At least make the bed?"
ham,"Hey doc pls I want to get nice t shirt for my hubby nice fiting ones my budget is  &lt;#&gt; k help pls I will load d card abi hw,keep me posted luv. 2 mj"
ham,How dare you change my ring
ham,Ok lor thanx... Ü in school?
spam,PRIVATE! Your 2003 Account Statement for 07753741225 shows 800 un-redeemed S. I. M. points. Call 08715203677 Identifier Code: 42478 Expires 24/10/04
ham,Thanks for ve lovely wisheds. You rock
ham,Omg if its not one thing its another. My cat has worms :/ when does this bad day end?
ham,"Nothing, i got msg frm tht unknown no.."
ham,Hhahhaahahah rofl wtf nig was leonardo in your room or something
ham,"Its ok chikku, and its my 1 of favourite song..:-)"
ham,"I'm used to it. I just hope my agents don't drop me since i've only booked a few things this year. This whole me in boston, them in nyc was an experiment."
spam,Reply to win £100 weekly! What professional sport does Tiger Woods play? Send STOP to 87239 to end service
spam,Please call our customer service representative on FREEPHONE 0808 145 4742 between 9am-11pm as you have WON a guaranteed £1000 cash or £5000 prize!
ham,This phone has the weirdest auto correct.
ham,"By the way, i've put a skip right outside the front of the house so you can see which house it is. Just pull up before it."
ham,When i have stuff to sell i.ll tell you
ham,I'll text you when I drop x off
ham,"I had been hoping i would not have to send you this message. My rent is due and i dont have enough for it. My reserves are completely gone. Its a loan i need and was hoping you could her. The balance is  &lt;#&gt; . Is there a way i could get that from you, till mid march when i hope to pay back."
ham,Well at this right I'm gonna have to get up and check today's steam sales/pee so text me when you want me to come get you
ham,Hi baby ive just got back from work and i was wanting to see u allday! I hope i didnt piss u off on the phone today. If u are up give me a call xxx
ham,Okie...
ham,Hey!!! I almost forgot ... Happy B-day babe ! I love ya!!
ham,"Nah can't help you there, I've never had an iphone"
ham,Hey ! Don't forget ... You are MINE ... For ME ... My possession ... MY property ... MMM ... *childish smile* ...
ham,My phone
ham,Hey i booked the kb on sat already... what other lessons are we going for ah? Keep your sat night free we need to meet and confirm our lodging 
ham,"Lol ... Oh no babe, I wont be sliding into your place after midnight, but thanks for the invite"
ham,Just sleeping..and surfing
ham,Huh so late... Fr dinner?
ham,Yep get with the program. You're slacking.
ham,"Excellent, I'll see what riley's plans are"
spam,This msg is for your mobile content order It has been resent as previous attempt failed due to network error Queries to customersqueries@netvision.uk.com
ham,"Just got part Nottingham - 3 hrs 63miles. Good thing i love my man so much, but only doing 40mph. Hey ho"
ham,"Sorry, I'll call later"
ham,My slave! I want you to take 2 or 3 pictures of yourself today in bright light on your cell phone! Bright light!
ham,Went to pay rent. So i had to go to the bank to authorise the payment.
ham,Raviyog Peripherals bhayandar east
ham,K...k:)why cant you come here and search job:)
ham,Already am squatting is the new way of walking
ham,Ok i am on the way to home hi hi
ham,If I get there before you after your ten billion calls and texts so help me god
ham,Hello! How r u? Im bored. Inever thought id get bored with the tv but I am. Tell me something exciting has happened there? Anything! =/
spam,Hi its LUCY Hubby at meetins all day Fri & I will B alone at hotel U fancy cumin over? Pls leave msg 2day 09099726395 Lucy x Calls£1/minMobsmoreLKPOBOX177HP51FL
ham,"Total disappointment, when I texted you was the craziest shit got :("
ham,Ha ha - had popped down to the loo when you hello-ed me. Hello!
spam,"Last Chance! Claim ur £150 worth of discount vouchers today! Text SHOP to 85023 now! SavaMob, offers mobile! T Cs SavaMob POBOX84, M263UZ. £3.00 Sub. 16"
ham,Yeah it's jus rite...
ham,"Yalru lyfu astne chikku.. Bt innu mundhe lyf ali halla ke bilo (marriage)program edhae, so lyf is nt yet ovr chikku..ali vargu lyfu meow meow:-D"
spam,You are awarded a SiPix Digital Camera! call 09061221061 from landline. Delivery within 28days. T Cs Box177. M221BP. 2yr warranty. 150ppm. 16 . p p£3.99
ham,Great! I have to run now so ttyl!
ham,So what u doing today?
spam,08714712388 between 10am-7pm Cost 10p
ham,Your gonna be the death if me. I'm gonna leave a note that says its all robs fault. Avenge me.
ham,"Hi, can i please get a  &lt;#&gt;  dollar loan from you. I.ll pay you back by mid february. Pls."
ham,"Gal n boy walking in d park. gal-can i hold ur hand? boy-y? do u think i would run away? gal-no, jst wana c how it feels walking in heaven with an prince..GN:-)"
ham,"Wen ur lovable bcums angry wid u, dnt take it seriously.. Coz being angry is d most childish n true way of showing deep affection, care n luv!.. kettoda manda... Have nice day da."
ham,Oh k:)after that placement there ah?
spam,You have 1 new message. Please call 08718738034.
ham,Talk to g and x about that
ham,I said its okay. Sorry
spam,Free 1st week entry 2 TEXTPOD 4 a chance 2 win 40GB iPod or £250 cash every wk. Txt VPOD to 81303 Ts&Cs www.textpod.net custcare 08712405020.
ham,"Oh... Icic... K lor, den meet other day..."
ham,"Sorry, I'll call later"
ham,EY! CALM DOWNON THEACUSATIONS.. ITXT U COS IWANA KNOW WOTU R DOIN AT THEW/END... HAVENTCN U IN AGES..RING ME IF UR UP4 NETHING SAT.LOVE J XXX.
ham,No other Valentines huh? The proof is on your fb page. Ugh I'm so glad I really DIDN'T watch your rupaul show you TOOL!
ham,* Thought I didn't see you.
ham,Want to send me a virtual hug?... I need one
ham,"Mum, hope you are having a great day. Hoping this text meets you well and full of life. Have a great day. Abiola"
ham,Yes I posted a couple of pics on fb. There's still snow outside too. I'm just waking up :)
spam,+123 Congratulations - in this week's competition draw u have won the £1450 prize to claim just call 09050002311 b4280703. T&Cs/stop SMS 08718727868. Over 18 only 150ppm
ham,I like to talk pa but am not able to. I dont know y.
ham,Well that must be a pain to catch
spam,Adult 18 Content Your video will be with you shortly
ham,"Honeybee Said: *I'm d Sweetest in d World* God Laughed &amp; Said: *Wait,U Havnt Met d Person Reading This Msg* MORAL: Even GOD Can Crack Jokes! GM+GN+GE+GN:)"
ham,Can not use foreign stamps in this country.
ham,Hi mate its RV did u hav a nice hol just a message 3 say hello coz havent sent u 1 in ages started driving so stay off roads!RVx
ham,"Hmm, too many of them unfortunately... Pics obviously arent hot cakes. Its kinda fun tho"
ham,"Cool, what time you think you can get here?"
ham,I just made some payments so dont have that much. Sorry. Would you want it fedex or the other way.
ham,Then dun wear jeans lor...
ham,"I'm in a meeting, call me later at"
ham,Don't make life too stressfull.. Always find time to Laugh.. It may not add years to your Life! But surely adds more life to ur years!! Gud ni8..swt dreams..
ham,Hey i've booked the 2 lessons on sun liao...
ham,Do ü all wan 2 meet up n combine all the parts? How's da rest of da project going?
spam,Free 1st week entry 2 TEXTPOD 4 a chance 2 win 40GB iPod or £250 cash every wk. Txt POD to 84128 Ts&Cs www.textpod.net custcare 08712405020.
ham,"Sorry light turned green, I meant another friend wanted  &lt;#&gt;  worth but he may not be around"
ham,"Call me da, i am waiting for your call."
ham,If u sending her home first it's ok lor. I'm not ready yet.
ham,Please attend the phone:)
ham,He telling not to tell any one. If so treat for me hi hi hi
ham,"Nah, I'm a perpetual DD"
ham,Mm you ask him to come its enough :-)
ham,I'm reading the text i just sent you. Its meant to be a joke. So read it in that light
ham,"Well, i'm gonna finish my bath now. Have a good...fine night."
ham,Ujhhhhhhh computer shipped out with address to sandiago and parantella lane. Wtf. Poop.
ham,Yar he quite clever but aft many guesses lor. He got ask me 2 bring but i thk darren not so willing 2 go. Aiya they thk leona still not attach wat.
ham,"You are always putting your business out there. You put pictures of your ass on facebook. You are one of the most open people i've ever met. Why would i think a picture of your room would hurt you, make you feel violated."
ham,I can do that! I want to please you both inside and outside the bedroom...
spam,A £400 XMAS REWARD IS WAITING FOR YOU! Our computer has randomly picked you from our loyal mobile customers to receive a £400 reward. Just call 09066380611
ham,I'm good. Have you registered to vote?
ham,It's ok i wun b angry. Msg u aft i come home tonight.
ham,Go where n buy? Juz buy when we get there lar.
ham,Get me out of this dump heap. My mom decided to come to lowes. BORING.
ham,Company is very good.environment is terrific and food is really nice:)
spam,"Hi, this is Mandy Sullivan calling from HOTMIX FM...you are chosen to receive £5000.00 in our Easter Prize draw.....Please telephone 09041940223 to claim before 29/03/05 or your prize will be transferred to someone else...."
ham,Happy birthday... May all ur dreams come true...
spam,Todays Voda numbers ending 1225 are selected to receive a £50award. If you have a match please call 08712300220 quoting claim code 3100 standard rates app 
spam,You have won a Nokia 7250i. This is what you get when you win our FREE auction. To take part send Nokia to 86021 now. HG/Suite342/2Lands Row/W1JHL 16+
ham,You got job in wipro:)you will get every thing in life in 2 or 3 years.
ham,Just sent it. So what type of food do you like?
ham,Take some small dose tablet for fever
ham,"Yes but i dont care! I need you bad, princess!"
spam,"FREE NOKIA Or Motorola with upto 12mths 1/2price linerental, 500 FREE x-net mins&100txt/mth FREE B'tooth*. Call Mobileupd8 on 08001950382 or call 2optout/D3WV"
ham,Lol they were mad at first but then they woke up and gave in.
ham,Oh ok i didnt know what you meant. Yep i am baby jontin
ham,"Yes, princess. Toledo."
ham,Takin a shower now but yeah I'll leave when I'm done
spam,Had your mobile 11 months or more? U R entitled to Update to the latest colour mobiles with camera for Free! Call The Mobile Update Co FREE on 08002986030
ham,"Brainless Baby Doll..:-D;-), vehicle sariyag drive madoke barolla.."
ham,"Depends on quality. If you want the type i sent boye, faded glory, then about 6. If you want ralphs maybe 2"
ham,I notice you like looking in the shit mirror youre turning into a right freak
ham,Ron say fri leh. N he said ding tai feng cant make reservations. But he said wait lor.
ham,Am not interested to do like that.
ham,I need... Coz i never go before 
ham,I'm serious. You are in the money base
ham,S but not able to sleep.
ham,"Alright we're hooked up, where you guys at"
ham,"The LAY MAN! Just to let you know you are missed and thought off. Do have a great day. And if you can send me bimbo and ugo's numbers, ill appreciate. Safe"
ham,Ok.ok ok..then..whats ur todays plan
ham,Ok
ham,I sent them. Do you like?
ham,Tessy..pls do me a favor. Pls convey my birthday wishes to Nimya..pls dnt forget it. Today is her birthday Shijas
ham,You are right. Meanwhile how's project twins comin up
ham,So your telling me I coulda been your real Valentine and I wasn't? U never pick me for NOTHING!!
ham,And how's your husband.
ham,Meet after lunch la...
ham,Our ride equally uneventful - not too many of those pesky cyclists around at that time of night ;).
spam,Monthly password for wap. mobsi.com is 391784. Use your wap phone not PC.
ham,Reckon need to be in town by eightish to walk from * carpark.
spam,Sunshine Quiz Wkly Q! Win a top Sony DVD player if u know which country the Algarve is in? Txt ansr to 82277. £1.50 SP:Tyrone
ham,No shoot me. I'm in the docs waiting room. :/
spam,"SMSSERVICES. for yourinclusive text credits, pls goto www.comuk.net login= 3qxj9 unsubscribe with STOP, no extra charge. help 08702840625.COMUK. 220-CM2 9AE"
ham,Talk With Yourself Atleast Once In A Day...!!! Otherwise You Will Miss Your Best FRIEND In This WORLD...!!! -Shakespeare- SHESIL  &lt;#&gt;
ham,"I'm taking derek &amp; taylor to walmart, if I'm not back by the time you're done just leave the mouse on my desk and I'll text you when priscilla's ready"
ham,I cant pick the phone right now. Pls send a message
ham,U repeat e instructions again. Wat's e road name of ur house?
ham,How u doin baby girl ?? hope u are okay every time I call ure phone is off! I miss u get in touch
ham,Ya i knw u vl giv..its ok thanks kano..anyway enjoy wit ur family wit 1st salary..:-);-)
ham,Ok... Help me ask if she's working tmr a not?
ham,Ok but knackered. Just came home and went to sleep! Not good at this full time work lark.
spam,Natalja (25/F) is inviting you to be her friend. Reply YES-440 or NO-440 See her: www.SMS.ac/u/nat27081980 STOP? Send STOP FRND to 62468
ham,I want to be inside you every night...
ham,Free any day but i finish at 6 on mon n thurs...
ham,Happy birthday... May u find ur prince charming soon n dun work too hard...
spam,Want 2 get laid tonight? Want real Dogging locations sent direct 2 ur mob? Join the UK's largest Dogging Network bt Txting GRAVEL to 69888! Nt. ec2a. 31p.msg@150p
ham,I cant pick the phone right now. Pls send a message
ham,Meeting u is my work. . . Tel me when shall i do my work tomorrow
ham,Welp apparently he retired
ham,Sorry sent blank msg again. Yup but trying 2 do some serious studying now.
ham,"Men always needs a beautiful, intelligent, caring, loving, adjustable, cooperative wife. But the law allows only one wife...."
ham,If I was I wasn't paying attention
ham,No..jst change tat only..
ham,:-( sad puppy noise
ham,Fyi I'm gonna call you sporadically starting at like  &lt;#&gt;  bc we are not not doin this shit
ham,Okie...
spam,"Urgent! call 09066350750 from your landline. Your complimentary 4* Ibiza Holiday or 10,000 cash await collection SAE T&Cs PO BOX 434 SK3 8WP 150 ppm 18+ "
spam,You will be receiving this week's Triple Echo ringtone shortly. Enjoy it!
ham,"Whats that coming over the hill..... Is it a monster! Hope you have a great day. Things r going fine here, busy though! "
spam,"BangBabes Ur order is on the way. U SHOULD receive a Service Msg 2 download UR content. If U do not, GoTo wap. bangb. tv on UR mobile internet/service menu"
ham,Sent me de webadres for geting salary slip
ham,It's é only $140 ard...É rest all ard $180 at least...Which is é price 4 é 2 bedrm ($900)
ham,"Do you know why god created gap between your fingers..? So that, One who is made for you comes &amp; fills those gaps by holding your hand with LOVE..!"
ham,When you came to hostel.
ham,Cool. So how come you havent been wined and dined before?
ham,They r giving a second chance to rahul dengra.
ham,In xam hall boy asked girl Tell me the starting term for dis answer I can den manage on my own After lot of hesitation n lookin around silently she said THE! intha ponnungale ipaditan;)
ham,For my family happiness..
ham,Yes princess! I want to catch you with my big strong hands...
ham,Ok which your another number
ham,We confirm eating at esplanade?
ham,Home so we can always chat
ham,Am also doing in cbe only. But have to pay.
ham,You're right I have now that I think about it
ham,"As usual..iam fine, happy &amp; doing well..:)"
ham,Miserable. They don't tell u that the side effects of birth control are massive gut wrenching cramps for the first 2 months. I didn't sleep at all last night.
spam,"Thanks for your ringtone order, reference number X49. Your mobile will be charged 4.50. Should your tone not arrive please call customer services 09065989182. From: [colour=red]text[/colour]TXTstar"
ham,Ew are you one of them?
ham,"Painful words- ""I thought being Happy was the most toughest thing on Earth... But, the toughest is acting Happy with all unspoken pain inside.."""
ham,Did u fix the teeth?if not do it asap.ok take care.
ham,Sometimes Heart Remembrs someone Very much... Forgets someone soon... Bcoz Heart will not like everyone. But liked ones will be Remembered Everytime... BSLVYL
ham,Thanks love. But am i doing torch or bold.
ham,"swhrt how u dey,hope ur ok, tot about u 2day.love n miss.take care."
ham,"I can't keep going through this. It was never my intention to run you out, but if you choose to do that rather than keep the room clean so *I* don't have to say no to visitors, then maybe that's the best choice. Yes, I wanted you to be embarassed, so maybe you'd feel for once how I feel when i have a friend who wants to drop buy and i have to say no, as happened this morning. I've tried everything. I don't know what else to do."
ham,I thank you so much for all you do with selflessness. I love you plenty.
ham,Don't look back at the building because you have no coat and i don't want you to get more sick. Just hurry home and wear a coat to the gym!!!
ham,I'm really sorry I lit your hair on fire
ham,* You gonna ring this weekend or wot?
ham,S..antha num corrct dane
ham,Still in customer place
ham,So do you have samus shoulders yet
ham,Erutupalam thandiyachu
ham,No. It's not pride. I'm almost  &lt;#&gt;  years old and shouldn't be takin money from my kid. You're not supposed to have to deal with this stuff. This is grownup stuff--why i don't tell you.
ham,Boo what time u get out? U were supposed to take me shopping today. :(
ham,"Yar lor he wan 2 go c horse racing today mah, so eat earlier lor. I ate chicken rice. U?"
ham,Ok no prob...
ham,Hmm. Shall i bring a bottle of wine to keep us amused? Just joking! I'll still bring a bottle. Red or white? See you tomorrow
ham,Hi di is yijue we're meeting at 7 pm at esaplanade tonight.
ham,"Wen u miss someone, the person is definitely special for u..... But if the person is so special, why to miss them, just Keep-in-touch gdeve.."
ham,I dled 3d its very imp
ham,Will it help if we propose going back again tomorrow
ham,ALSO TELL HIM I SAID HAPPY BIRTHDAY
spam,December only! Had your mobile 11mths+? You are entitled to update to the latest colour camera mobile for Free! Call The Mobile Update Co FREE on 08002986906
ham,Actually i'm waiting for 2 weeks when they start putting ad.
ham,That day you asked about anand number. Why:-)
ham,I am in escape theatre now. . Going to watch KAVALAN in a few minutes
ham,When you are big..| God will bring success.
ham,As per your request 'Melle Melle (Oru Minnaminunginte Nurungu Vettam)' has been set as your callertune for all Callers. Press *9 to copy your friends Callertune
ham,"Please protect yourself from e-threats. SIB never asks for sensitive information like Passwords,ATM/SMS PIN thru email. Never share your password with anybody."
ham,"No! But we found a diff farm shop to buy some cheese. On way back now, can i call in?"
ham,Are you wet right now?
spam,"England v Macedonia - dont miss the goals/team news. Txt ur national team to 87077 eg ENGLAND to 87077 Try:WALES, SCOTLAND 4txt/ú1.20 POBOXox36504W45WQ 16+"
ham,Ok Chinese food on its way. When I get fat you're paying for my lipo.
ham,Hmmm.still we dont have opener?
ham,I thk 50 shd be ok he said plus minus 10.. Did ü leave a line in between paragraphs?
ham,"U so lousy, run already come back then half dead... Hee..."
ham,This pen thing is beyond a joke. Wont a Biro do? Don't do a masters as can't do this ever again! 
spam,PRIVATE! Your 2004 Account Statement for 07742676969 shows 786 unredeemed Bonus Points. To claim call 08719180248 Identifier Code: 45239 Expires
ham,Thats cool princess! I will cover your face in hot sticky cum :)
ham,Old Orchard near univ. How about you?
ham,"Sorry, I'll call later"
spam,HMV BONUS SPECIAL 500 pounds of genuine HMV vouchers to be won. Just answer 4 easy questions. Play Now! Send HMV to 86688 More info:www.100percent-real.com
ham,No dear i was sleeping :-P
ham,"Actually, my mobile is full of msg. And i m doing a work online, where i need to send them  &lt;#&gt;  sent msg i wil explain u later."
spam,Back 2 work 2morro half term over! Can U C me 2nite 4 some sexy passion B4 I have 2 go back? Chat NOW 09099726481 Luv DENA Calls £1/minMobsmoreLKPOBOX177HP51FL
ham,Pls clarify back if an open return ticket that i have can be preponed for me to go back to kerala.
ham,Great! I hope you like your man well endowed. I am  &lt;#&gt;  inches...
ham,I will lick up every drop :) are you ready to use your mouth as well?
ham,If You mean the website. Yes.
ham,I will once i get home
ham,I can't describe how lucky you are that I'm actually awake by noon
ham,"Evry Emotion dsn't hav Words.Evry Wish dsn't hav Prayrs.. If u Smile,D World is wit u.Othrwise even d Drop of Tear dsn't lik 2 Stay wit u.So b happy.. Good morning, keep smiling:-)"
ham,"whatever, im pretty pissed off."
ham,Should i buy him a blackberry bold 2 or torch. Should i buy him new or used. Let me know. Plus are you saying i should buy the  &lt;#&gt; g wifi ipad. And what are you saying about the about the  &lt;#&gt; g?
ham,Wat time ü finish?
spam,Get the official ENGLAND poly ringtone or colour flag on yer mobile for tonights game! Text TONE or FLAG to 84199. Optout txt ENG STOP Box39822 W111WX £1.50
ham,"Do 1 thing! Change that sentence into: ""Because i want 2 concentrate in my educational career im leaving here.."""
ham,K..k...from tomorrow onwards started ah?
ham,Yes! I am a one woman man! Please tell me your likes and dislikes in bed...
ham,How come u got nothing to do?
ham,Ok.
ham,"By the way, 'rencontre' is to meet again. Mountains dont...."
spam,it to 80488. Your 500 free text messages are valid until 31 December 2005.
ham,The search 4 happiness is 1 of d main sources of unhappiness! Accept life the way it comes! U will find happiness in every moment u live.
ham,India have to take lead:)
ham," said kiss, kiss, i can't do the sound effects! He is a gorgeous man isn't he! Kind of person who needs a smile to brighten his day! "
ham,Ya had just now.onion roast.
ham,U in town alone?
ham,Dude im no longer a pisces. Im an aquarius now.
spam,Great News! Call FREEFONE 08006344447 to claim your guaranteed £1000 CASH or £2000 gift. Speak to a live operator NOW!
ham,hope things went well at 'doctors' ;) reminds me i still need 2go.did u c d little thing i left in the lounge?
ham,Nah im goin 2 the wrks with j wot bout u?
ham,2marrow only. Wed at  &lt;#&gt;  to 2 aha.
ham,Discussed with your mother ah?
ham,Oh yes I can speak txt 2 u no! Hmm. Did u get  email?
ham,Don no da:)whats you plan?
ham,Just chill for another 6hrs. If you could sleep the pain is not a surgical emergency so see how it unfolds. Okay
spam,"Eerie Nokia tones 4u, rply TONE TITLE to 8007 eg TONE DRACULA to 8007 Titles: GHOST, ADDAMSFA, MUNSTERS, EXORCIST, TWILIGHT www.getzed.co.uk POBox36504W45WQ 150p"
ham,Mmmmmmm *snuggles into you* ...*deep contented sigh* ... *whispers* ... I fucking love you so much I can barely stand it ...
ham,"Doing nothing, then u not having dinner w us?"
ham,"My friend just got here and says he's upping his order by a few grams (he's got $ &lt;#&gt; ), when can you get here?"
ham,Am i that much bad to avoid like this?
ham,True. Its easier with her here.
ham,S:)8 min to go for lunch:)
ham,Ok... The theory test? when are ü going to book? I think it's on 21 may. Coz thought wanna go out with jiayin. But she isnt free
ham,"OH MR SHEFFIELD! You wanna play THAT game, okay. You're the boss and I'm the nanny. You give me a raise and I'll give YOU one!!"
ham,That would be great. We'll be at the Guild. Could meet on Bristol road or somewhere - will get in touch over weekend. Our plans take flight! Have a good week
ham, &lt;DECIMAL&gt; m but its not a common car here so its better to buy from china or asia. Or if i find it less expensive. I.ll holla
ham,Lolnice. I went from a fish to ..water.?
ham,Here got ur favorite oyster... N got my favorite sashimi... Ok lar i dun say already... Wait ur stomach start rumbling...
ham,Okay. I've seen it. So i should pick it on friday?
ham,Ok. I asked for money how far
spam,"FreeMsg Hey there darling it's been 3 week's now and no word back! I'd like some fun you up for it still? Tb ok! XxX std chgs to send, £1.50 to rcv"
ham,Hi. I'm always online on yahoo and would like to chat with you someday
ham,Miss call miss call khelate kintu opponenter miss call dhorte lage. Thats d rule. One with great phone receiving quality wins.
ham,What Today-sunday..sunday is holiday..so no work..
ham,Ok i am on the way to railway
ham,"Sorry vikky, i'm Watching olave mandara movie kano in trishul theatre wit my frnds.."
ham,Ok then i will come to ur home after half an hour
ham,Sorry da. I gone mad so many pending works what to do.
ham,Send me yetty's number pls.
ham,Jason says it's cool if we pick some up from his place in like an hour
ham,Convey my regards to him
ham,Yep then is fine 7.30 or 8.30 for ice age.
ham,aathi..where are you dear..
ham,"Feb  &lt;#&gt;  is ""I LOVE U"" day. Send dis to all ur ""VALUED FRNDS"" evn me. If 3 comes back u'll gt married d person u luv! If u ignore dis u will lose ur luv 4 Evr"
ham,Am in film ill call you later.
ham,I'm in class. Did you get my text.
ham,Ok i go change also...
ham,I wish u were here. I feel so alone
ham,"Not really dude, have no friends i'm afraid :("
ham,Ee msg na poortiyagi odalebeku: Hanumanji 7 name 1-Hanuman 2-Bajarangabali 3-Maruti 4-Pavanaputra 5-Sankatmochan 6-Ramaduth 7-Mahaveer ee 7 name  &lt;#&gt;  janarige ivatte kalisidare next saturday olage ondu good news keluviri...! Maretare inde 1 dodda problum nalli siguviri idu matra  &lt;#&gt; % true.. Don't neglet.
ham,He is world famamus....
ham,That depends. How would you like to be treated? :)
spam,"FREE2DAY sexy St George's Day pic of Jordan!Txt PIC to 89080 dont miss out, then every wk a saucy celeb!4 more pics c PocketBabe.co.uk 0870241182716 £3/wk"
ham,Is xy going 4 e lunch?
ham,2mro i am not coming to gym machan. Goodnight.
ham,This weekend is fine (an excuse not to do too much decorating)
ham,Are you willing to go for aptitude class.
ham,Well I wasn't available as I washob nobbing with last night so they had to ask Nickey Platt instead of me!;
ham,Yup ok...
ham,Imagine Life WITHOUT ME... see.. How fast u are searching me?Don't worry.. l'm always there To disturb U.. Goodnoon..:)
ham,You'd like that wouldn't you? Jerk!
ham,Was gr8 to see that message. So when r u leaving? Congrats dear. What school and wat r ur plans.
ham,I am back. Bit long cos of accident on a30. Had to divert via wadebridge.I had a brilliant weekend thanks. Speak soon. Lots of love
ham,"House-Maid is the murderer, coz the man was murdered on  &lt;#&gt; th January.. As public holiday all govt.instituitions are closed,including post office..understand?"
ham,One day a crab was running on the sea shore..The waves came n cleared the footprints of the crab.. Crab asked: being my frnd y r u clearing my beautiful footprints? Waves replied: A fox was following ur footprints to catch you! thats y i cleared it off:) frndsship never lets u dwn :-) GUD nyt..
ham,From 5 to 2 only my work timing.
ham,It's ok lar. U sleep early too... Nite...
ham,Customer place i will call you
ham,Now? I'm going out 4 dinner soon..
ham,K. Did you call me just now ah? 
ham,Its a great day. Do have yourself a beautiful one.
ham,I was at bugis juz now wat... But now i'm walking home oredi... Ü so late then reply... I oso saw a top dat i like but din buy... Where r ü now? 
ham,Hi Petey!noim ok just wanted 2 chat coz avent spoken 2 u 4 a long time-hope ur doin alrite.have good nit at js love ya am.x
ham,So are you guys asking that i get that slippers again or its gone with last year
ham,Sat right? Okay thanks... 
ham,What time do u get out?
ham,I have no money 4 steve mate! !
ham,"Hiya , have u been paying money into my account? If so, thanks. Got a pleasant surprise when i checked my balance -u c, i don't get statements 4 that acc"
ham,"Wishing you and your family Merry ""X"" mas and HAPPY NEW Year in advance.."
ham,my ex-wife was not able to have kids. Do you want kids one day?
ham,Why she wants to talk to me
ham,Ok.
ham,"&lt;#&gt; , that's all? Guess that's easy enough"
ham,Surly ill give it to you:-) while coming to review.
ham,Me fine..absolutly fine
spam,LORD OF THE RINGS:RETURN OF THE KING in store NOW!REPLY LOTR by 2 June 4 Chance 2 WIN LOTR soundtrack CDs StdTxtRate. Reply STOP to end txts
spam,Mobile Club: Choose any of the top quality items for your mobile. 7cfca1a
ham,How much i gave to you. Morning.
ham,", ,  and  picking them up from various points | going 2 yeovil | and they will do the motor project 4 3 hours | and then u take them home. || 12 2 5.30 max. || Very easy"
ham,Dont show yourself. How far. Put new pictures up on facebook.
ham,", im .. On the snowboarding trip. I was wondering if your planning to get everyone together befor we go..a meet and greet kind of affair? Cheers, "
ham,There's someone here that has a year  &lt;#&gt;  toyota camry like mr olayiwola's own. Mileage is  &lt;#&gt; k.its clean but i need to know how much will it sell for. If i can raise the dough for it how soon after landing will it sell. Holla back.
ham,Ok no prob... I'll come after lunch then...
ham,"That's cool, I'll come by like  &lt;#&gt; ish"
ham,Kaiez... Enjoy ur tuition... Gee... Thk e second option sounds beta... I'll go yan jiu den msg u...
ham,Sent me ur email id soon
ham,Thanx u darlin!im cool thanx. A few bday drinks 2 nite. 2morrow off! Take care c u soon.xxx
ham,"Rose needs water, season needs change, poet needs imagination..My phone needs ur sms and i need ur lovely frndship forever...."
spam,"SMS SERVICES. for your inclusive text credits, pls goto www.comuk.net login= 3qxj9 unsubscribe with STOP, no extra charge. help 08702840625.COMUK. 220-CM2 9AE"
ham,No. Did you multimedia message them or e-mail?
ham,"Well am officially in a philosophical hole, so if u wanna call am at home ready to be saved!"
ham,Nah dub but je still buff
ham,Mm i am on the way to railway
spam,URGENT! We are trying to contact you. Last weekends draw shows that you have won a £900 prize GUARANTEED. Call 09061701939. Claim code S89. Valid 12hrs only
ham,"Sorry about earlier. Putting out fires.Are you around to talk after 9? Or do you actually have a life, lol!"
ham,Yo come over carlos will be here soon
ham,I dont have i shall buy one dear
ham,Ü go home liao? Ask dad to pick me up at 6...
ham,Lol! Nah wasn't too bad thanks. Its good to b home but its been quite a reality check. Hows ur day been? Did u do anything with website?
spam,"Customer service announcement. We recently tried to make a delivery to you but were unable to do so, please call 07099833605 to re-schedule. Ref:9280114"
ham,Call to the number which is available in appointment. And ask to connect the call to waheed fathima.
ham,When are you guys leaving?
ham,"How is my boy? No sweet words left for me this morning ... *sighs* ... How goes you day, my love ? Did you start your studying?"
ham,cThen i thk shd b enuff.. Still got conclusion n contents pg n references.. I'll b doing da contents pg n cover pg..
ham,"GOD ASKED, ""What is forgiveness?"" A little child gave lovely reply, ""It is d wonderful fruit that a tree gives when it is being hurt by a stone.. Good night......"
ham,"Sir, I need Velusamy sir's date of birth and company bank facilities details."
ham,I accidentally deleted the message. Resend please.
ham,"Dear all, as we know  &lt;#&gt; th is the  &lt;#&gt; th birthday of our loving Gopalettan. We are planning to give a small gift on that day. Those who like to participate in that you are welcome. Please contact our admin team for more details"
ham,"Sure, I'll see if I can come by in a bit"
ham,"I just lov this line: ""Hurt me with the truth, I don't mind,i wil tolerat.bcs ur my someone..... But, Never comfort me with a lie"" gud ni8 and sweet dreams"
ham,"Hi, Mobile no.  &lt;#&gt;  has added you in their contact list on www.fullonsms.com It s a great place to send free sms to people For more visit fullonsms.com"
ham,Leave it. U will always be ignorant.
ham,Thanx but my birthday is over already.
ham,Hi Chachi tried calling u now unable to reach u .. Pl give me a missed cal once u c tiz msg  Kanagu
ham,aathi..where are you dear..
ham,Nothing but we jus tot u would ask cos u ba gua... But we went mt faber yest... Yest jus went out already mah so today not going out... Jus call lor...
ham,"see you then, we're all christmassy here!"
ham,No she didnt. I will search online and let you know.
ham,Am only searching for good dual sim mobile pa.
ham,Haha... Yup hopefully  we will lose a few kg by mon. after hip hop can go orchard and weigh again
ham,Wat makes some people dearer is not just de happiness dat u feel when u meet them but de pain u feel when u miss dem!!!
ham,I'll let you know when it kicks in
ham,"Thats a bit weird, even ?- where is the do supposed to be happening? But good idea, sure they will be in pub!"
spam,"Hack Chat. Get backdoor entry into 121 chat rooms at a fraction of the cost. Reply NEO69 or call 09050280520, to subscribe 25p pm. DPS, Bcm box 8027 Ldn, wc1n3xx"
ham,Die... Now i have e toot fringe again...
ham,No da:)he is stupid da..always sending like this:)don believe any of those message.pandy is a mental:)
ham,"Haha yeah, 2 oz is kind of a shitload"
ham,Rofl. Its true to its name
ham,I will reach ur home in  &lt;#&gt;  minutes
ham,"The house is on the water with a dock, a boat rolled up with a newscaster who dabbles in jazz flute behind the wheel"
ham,Usually the person is unconscious that's in children but in adults they may just behave abnormally. I.ll call you now
ham,"Well, I have to leave for my class babe ... You never came back to me ... :-( ... Hope you have a nice sleep, my love"
ham,Tell me they're female :V how're you throwing in? We're deciding what all to get now
spam,Loans for any purpose even if you have Bad Credit! Tenants Welcome. Call NoWorriesLoans.com on 08717111821
ham,Wanna do some art?! :D
spam,URGENT! Your Mobile number has been awarded with a £2000 prize GUARANTEED. Call 09061790126 from land line. Claim 3030. Valid 12hrs only 150ppm
ham,"Yeah hopefully, if tyler can't do it I could maybe ask around a bit"
spam,You won't believe it but it's true. It's Incredible Txts! Reply G now to learn truly amazing things that will blow your mind. From O2FWD only 18p/txt
ham,"Sorry, I'll call later"
ham,How many times i told in the stage all use to laugh. You not listen aha.
ham,Remind me how to get there and I shall do so
spam,I don't know u and u don't know me. Send CHAT to 86688 now and let's find each other! Only 150p/Msg rcvd. HG/Suite342/2Lands/Row/W1J6HL LDN. 18 years or over.
ham,"Single line with a big meaning::::: ""Miss anything 4 ur ""Best Life"" but, don't miss ur best life for anything... Gud nyt..."
spam,"Auction round 4. The highest bid is now £54. Next maximum bid is £71. To bid, send BIDS e. g. 10 (to bid £10) to 83383. Good luck."
ham,YO YO YO BYATCH WHASSUP?
ham,The whole car appreciated the last two! Dad and are having a map reading semi argument but apart from that things are going ok. P.
ham,Let's pool our money together and buy a bunch of lotto tickets. If we win I get &lt;#&gt; % u get &lt;#&gt; %. Deal?
ham,Ok lor... Sony ericsson salesman... I ask shuhui then she say quite gd 2 use so i considering...
ham,"Love isn't a decision, it's a feeling. If we could decide who to love, then, life would be much simpler, but then less magical"
ham,What class of  &lt;#&gt;  reunion?
ham,Just wait till end of march when el nino gets himself. Oh.
ham,U don't remember that old commercial?
ham,Ok u can take me shopping when u get paid =D
ham,Ard 530 lor. I ok then message ü lor.
ham,Are you still playing with gautham?
ham,"I'm in a meeting, call me later at"
ham,Sir send to group mail check it.
spam,"Sunshine Hols. To claim ur med holiday send a stamped self address envelope to Drinks on Us UK, PO Box 113, Bray, Wicklow, Eire. Quiz Starts Saturday! Unsub Stop"
ham,Hi dis is yijue i would be happy to work wif ü all for gek1510...
ham,Hi.:)technical support.providing assistance to us customer through call and email:)
ham,I think asking for a gym is the excuse for lazy people. I jog.
ham,"MOON has come to color your dreams, STARS to make them musical and my SMS to give you warm and Peaceful Sleep. Good Night"
ham,Am okay. Will soon be over. All the best
ham,I'm really not up to it still tonight babe
ham,K... Must book a not huh? so going for yoga basic on sunday?
ham,I'm always looking for an excuse to be in the city.
ham,Love that holiday Monday feeling even if I have to go to the dentists in an hour
ham,I will see in half an hour
ham,3 pa but not selected.
ham,New car and house for my parents.:)i have only new job in hand:)
ham,"It‘s reassuring, in this crazy world."
spam,More people are dogging in your area now. Call 09090204448 and join like minded guys. Why not arrange 1 yourself. There's 1 this evening. A£1.50 minAPN LS278BB
spam,"Congratulations - Thanks to a good friend U have WON the £2,000 Xmas prize. 2 claim is easy, just call 08712103738 NOW! Only 10p per minute. BT-national-rate"
ham,Most of the tiime when i don't let you hug me it's so i don't break into tears.
ham,Blank is Blank. But wat is blank? Lol
ham,"Whenevr ur sad, Whenevr ur gray, Remembr im here 2 listn 2 watevr u wanna say, Jus walk wid me a little while,&amp; I promise I'll bring back ur smile.:-)"
ham,Hey i will be late ah... Meet you at 945+
ham,Also hi wesley how've you been
ham,Ard 4 lor...
ham,"Since when, which side, any fever, any vomitin."
ham,So dont use hook up any how
spam,Please call our customer service representative on 0800 169 6031 between 10am-9pm as you have WON a guaranteed £1000 cash or £5000 prize!
ham,"Alright if you're sure, let me know when you're leaving"
ham,If you don't respond imma assume you're still asleep and imma start calling n shit
ham,i thought we were doing a king of the hill thing there.
ham,Cos i want it to be your thing
spam,we tried to contact you re your response to our offer of a new nokia fone and camcorder hit reply or call 08000930705 for delivery
spam,Congratulations ur awarded 500 of CD vouchers or 125gift guaranteed & Free entry 2 100 wkly draw txt MUSIC to 87066 TnCs www.Ldew.com1win150ppmx3age16
ham,"Wait, do you know if wesleys in town? I bet she does hella drugs!"
spam,"For ur chance to win a £250 cash every wk TXT: ACTION to 80608. T's&C's www.movietrivia.tv custcare 08712405022, 1x150p/wk"
ham,"The last thing i ever wanted to do was hurt you. And i didn't think it would have. You'd laugh, be embarassed, delete the tag and keep going. But as far as i knew, it wasn't even up. The fact that you even felt like i would do it to hurt you shows you really don't know me at all. It was messy wednesday, but it wasn't bad. The problem i have with it is you HAVE the time to clean it, but you choose not to. You skype, you take pictures, you sleep, you want to go out. I don't mind a few things here and there, but when you don't make the bed, when you throw laundry on top of it, when i can't have a friend in the house because i'm embarassed that there's underwear and bras strewn on the bed, pillows on the floor, that's something else. You used to be good about at least making the bed."
ham,U wan 2 haf lunch i'm in da canteen now.
ham,"Sorry, I'll call you  later. I am in meeting sir."
ham,Its too late:)but its k.wish you the same.
spam,Please CALL 08712402972 immediately as there is an urgent message waiting for you
ham,Ok thanx... Take care then...
ham,Dont let studying stress you out. L8r.
ham,Don‘t give a flying monkeys wot they think and I certainly don‘t mind. Any friend of mine and all that!
ham,Black shirt n blue jeans... I thk i c ü...
ham,Ha ha cool cool chikku chikku:-):-DB-)
spam,Reply with your name and address and YOU WILL RECEIVE BY POST a weeks completely free accommodation at various global locations www.phb1.com ph:08700435505150p
spam,Get your garden ready for summer with a FREE selection of summer bulbs and seeds worth £33:50 only with The Scotsman this Saturday. To stop go2 notxt.co.uk
ham,Yes. Nigh you cant aha.
ham,"No worries, hope photo shoot went well. have a spiffing fun at workage. "
ham,"Me, i dont know again oh"
ham,I love you. You set my soul on fire. It is not just a spark. But it is a flame. A big rawring flame. XoXo
ham,Your brother is a genius
ham,Saw Guys and Dolls last night with Patrick Swayze it was great
spam,"Hello darling how are you today? I would love to have a chat, why dont you tell me what you look like and what you are in to sexy?"
ham,"I know you are thinkin malaria. But relax, children cant handle malaria. She would have been worse and its gastroenteritis. If she takes enough to replace her loss her temp will reduce. And if you give her malaria meds now she will just vomit. Its a self limiting illness she has which means in a few days it will completely stop"
ham,No problem. Talk to you later
ham,In meeting da. I will call you
ham,Today my system sh get ready.all is well and i am also in the deep well
ham,"And how you will do that, princess? :)"
ham,how are you? I miss you!
ham,Come to mahal bus stop.. &lt;DECIMAL&gt;
ham,Hi! You just spoke to MANEESHA V. We'd like to know if you were satisfied with the experience. Reply Toll Free with Yes or No.
ham,Oh k. . I will come tomorrow
ham,R U &SAM P IN EACHOTHER. IF WE MEET WE CAN GO 2 MY HOUSE
ham,I havent add ü yet right.. 
spam,You are a winner U have been specially selected 2 receive £1000 cash or a 4* holiday (flights inc) speak to a live operator 2 claim 0871277810810
ham,Crucify is c not s. You should have told me earlier.
ham,On the road so cant txt
ham,What he said is not the matter. My mind saying some other matter is there.
ham,"Poyyarikatur,kolathupalayam,unjalur post,erode dis, &lt;#&gt; ."
spam,Warner Village 83118 C Colin Farrell in SWAT this wkend @Warner Village & get 1 free med. Popcorn!Just show msg+ticket@kiosk.Valid 4-7/12. C t&c @kiosk. Reply SONY 4 mre film offers
ham,Probably earlier than that if the station's where I think it is
ham,For The First Time In The History 'Need' 'Comfort' And 'Luxury' Are Sold At Same Price In India..!! Onion-Rs. &lt;#&gt;  Petrol-Rs. &lt;#&gt;  Beer-Rs. &lt;#&gt;  SHESIL  &lt;#&gt;
ham,"Better than bb. If he wont use it, his wife will or them doctor"
ham,Does not operate after  &lt;#&gt;  or what
ham,"Hurry up, I've been weed-deficient for like three days"
ham,Can... I'm free...
ham,I'll reach in ard 20 mins ok...
ham,"My planning usually stops at ""find hella weed, smoke hella weed"""
spam,"Someone U know has asked our dating service 2 contact you! Cant Guess who? CALL 09058097189 NOW all will be revealed. POBox 6, LS15HB 150p "
ham,what I meant to say is cant wait to see u again getting bored of this bridgwater banter
ham,"You aren't coming home between class, right? I need to work out and shower!"
ham,Then we gotta do it after that
ham,No. To be nosy I guess. Idk am I over reacting if I'm freaked?
ham,Pls go ahead with watts. I just wanted to be sure. Do have a great weekend. Abiola
spam,Please call our customer service representative on FREEPHONE 0808 145 4742 between 9am-11pm as you have WON a guaranteed £1000 cash or £5000 prize!
ham,Never blame a day in ur life. Good days give u happiness. Bad days give u experience. Both are essential in life! All are Gods blessings! good morning.:
ham,i want to grasp your pretty booty :)
ham,"Can you tell Shola to please go to college of medicine and visit the academic department, tell the academic secretary what the current situation is and ask if she can transfer there. She should ask someone to check Sagamu for the same thing and lautech. Its vital she completes her medical education in Nigeria. Its less expensive much less expensive. Unless she will be getting citizen rates in new zealand."
ham,"Thk shld b can... Ya, i wana go 4 lessons... Haha, can go for one whole stretch..."
ham,How are you with moneY...as in to you...money aint a thing....how are you sha!
ham,I walked an hour 2 c u! doesnt that show I care y wont u believe im serious?
ham,We r outside already.
ham,Apo all other are mokka players only
ham,No messages on her phone. I'm holding it now
ham,HI DARLIN ITS KATE ARE U UP FOR DOIN SOMETHIN TONIGHT? IM GOING TO A PUB CALLED THE SWAN OR SOMETHING WITH MY PARENTS FOR ONE DRINK SO PHONE ME IF U CAN
ham,It means u could not keep ur words.
ham,I'm reaching home in 5 min.
ham,"What will we do in the shower, baby?"
ham,"Thanx 4 the time weve spent 2geva, its bin mint! Ur my Baby and all I want is u!xxxx"
ham,"Alright omw, gotta change my order to a half8th"
ham,"There'll be a minor shindig at my place later tonight, you interested?"
ham,Desires- u going to doctor 4 liver. And get a bit stylish. Get ur hair managed. Thats it.
ham,Call me when u're done...
ham,Yeah get the unlimited
ham,I'm in school now n i'll be in da lab doing some stuff give me a call when ü r done.
ham,"Hello, my boytoy! I made it home and my constant thought is of you, my love. I hope your having a nice visit but I can't wait till you come home to me ...*kiss*"
ham,No plans yet. What are you doing ?
ham,"Not yet chikku..k, then wat abt tht guy did he stopped irritating or msging to u.."
spam,Reminder: You have not downloaded the content you have already paid for. Goto http://doit. mymoby. tv/ to collect your content.
ham,How much r ü willing to pay?
spam,"Win the newest Harry Potter and the Order of the Phoenix (Book 5) reply HARRY, answer 5 questions - chance to be the first among readers!"
ham,X2  &lt;#&gt; . Are you going to get that
ham,Horrible bf... I now v hungry...
ham,I taught that Ranjith sir called me. So only i sms like that. Becaus hes verifying about project. Prabu told today so only pa dont mistake me..
spam,"Bears Pic Nick, and Tom, Pete and ... Dick. In fact, all types try gay chat with photo upload call 08718730666 (10p/min). 2 stop texts call 08712460324"
ham,How come guoyang go n tell her? Then u told her?
spam,UR awarded a City Break and could WIN a £200 Summer Shopping spree every WK. Txt STORE to 88039 . SkilGme. TsCs087147403231Winawk!Age16 £1.50perWKsub
ham,"Storming msg: Wen u lift d phne, u say ""HELLO"" Do u knw wt is d real meaning of HELLO?? . . . It's d name of a girl..! . . . Yes.. And u knw who is dat girl?? ""Margaret Hello"" She is d girlfrnd f Grahmbell who invnted telphone... . . . . Moral:One can 4get d name of a person, bt not his girlfrnd... G o o d n i g h t . . .@"
ham,Oh god. I'm gonna Google nearby cliffs now.
ham,Darren was saying dat if u meeting da ge den we dun meet 4 dinner. Cos later u leave xy will feel awkward. Den u meet him 4 lunch lor.
ham,"Ta-Daaaaa! I am home babe, are you still up ?"
ham,R we still meeting 4 dinner tonight?
ham,How did you find out in a way that didn't include all of these details
spam,Am new 2 club & dont fink we met yet Will B gr8 2 C U Please leave msg 2day wiv ur area 09099726553 reply promised CARLIE x Calls£1/minMobsmore LKPOBOX177HP51FL
ham,I will see in half an hour
ham,Thank u!
spam,"Hi ya babe x u 4goten bout me?' scammers getting smart..Though this is a regular vodafone no, if you respond you get further prem rate msg/subscription. Other nos used also. Beware!"
ham,If i said anything wrong sorry de:-)
ham,"Come to me right now, Ahmad"
ham,Guessin you ain't gonna be here before 9?
ham,You're not sure that I'm not trying to make xavier smoke because I don't want to smoke after being told I smoke too much?
ham,Lol wtf random. Btw is that your lunch break
ham,Huh means computational science... Y they like dat one push here n there...
ham,Me too. Mark is taking forever to pick up my prescription and the pain is coming back.
ham,S....s...india going to draw the series after many years in south african soil..
spam,WINNER! As a valued network customer you hvae been selected to receive a £900 reward! To collect call 09061701444. Valid 24 hours only. ACL03530150PM
ham,"Life is more strict than teacher... Bcoz Teacher teaches lesson &amp; then conducts exam, But Life first conducts Exam &amp; then teaches Lessons. Happy morning. . ."
ham,And is there a way you can send shade's stuff to her. And she has been wonderful too.
ham,Thanks for looking out for me. I really appreciate.
spam,"You are guaranteed the latest Nokia Phone, a 40GB iPod MP3 player or a £500 prize! Txt word: COLLECT to No: 83355! IBHltd LdnW15H 150p/Mtmsgrcvd18+"
ham,Hi its in durban are you still on this number
ham,"Its ok., i just askd did u knw tht no?"
spam,Wanna have a laugh? Try CHIT-CHAT on your mobile now! Logon by txting the word: CHAT and send it to No: 8883 CM PO Box 4217 London W1A 6ZF 16+ 118p/msg rcvd
ham,I'm job profile seems like bpo..
ham,"U need my presnts always bcz U cant mis love. ""jeevithathile irulinae neekunna prakasamanu sneham"" prakasam ennal prabha 'That mns prabha is'LOVE' Got it. Dont mis me...."
ham,"Turns out my friends are staying for the whole show and won't be back til ~ &lt;#&gt; , so feel free to go ahead and smoke that $ &lt;#&gt;  worth"
ham,Then anything special?
ham,Actually getting ready to leave the house.
ham,"Good afternoon on this glorious anniversary day, my sweet J !! I hope this finds you happy and content, my Prey. I think of you and send a teasing kiss from across the sea coaxing images of fond souveniers ... You Cougar-Pen"
ham,I'm going for bath will msg you next  &lt;#&gt;  min..
ham,Having lunch:)you are not in online?why?
ham,Yup...
ham,No go. No openings for that room 'til after thanksgiving without an upcharge.
ham,"Chinatown got porridge, claypot rice, yam cake, fishhead beehoon... Either we eat cheap den go cafe n tok or go nydc or somethin..."
ham,"Hi Jon, Pete here, Ive bin 2 Spain recently & hav sum dinero left, Bill said u or ur rents mayb interested in it, I hav 12,000pes, so around £48, tb, James."
ham,Networking technical support associate.
ham,Hanging out with my brother and his family
ham,Oh that was a forwarded message. I thought you send that to me
ham,"Yeah probably, I still gotta check out with leo"
ham,I'm at home. Please call
ham,Lol ... I knew that .... I saw him in the dollar store
ham,No:-)i got rumour that you going to buy apartment in chennai:-)
ham,"Wow. I never realized that you were so embarassed by your accomodations. I thought you liked it, since i was doing the best i could and you always seemed so happy about ""the cave"". I'm sorry I didn't and don't have more to give. I'm sorry i offered. I'm sorry your room was so embarassing."
spam,Urgent! Please call 09061743811 from landline. Your ABTA complimentary 4* Tenerife Holiday or £5000 cash await collection SAE T&Cs Box 326 CW25WX 150ppm
ham,Yes princess! I want to make you happy...
ham,Re your call; You didn't see my facebook huh?
ham,Or better still can you catch her and let ask her if she can sell  &lt;#&gt;  for me.
ham,"Goodmorning,my grandfather expired..so am on leave today."
ham,I will be gentle baby! Soon you will be taking all  &lt;#&gt;  inches deep inside your tight pussy...
ham,"Yes, my reg is  Ciao!"
ham,"Yeah, where's your class at?"
ham,No i'm not gonna be able to. || too late notice. || i'll be home in a few weeks anyway. || what are the plans
ham,"Goodmorning, today i am late for  &lt;DECIMAL&gt; min."
ham,Oh baby of the house. How come you dont have any new pictures on facebook
ham,"Aight I've been set free, think you could text me blake's address? It occurs to me I'm not quite as sure what I'm doing as I thought I was"
ham,Finish liao... U?
ham,No * am working on the ringing u thing but have whole houseful of screaming brats so * am pulling my hair out! Loving u
ham,Tmrw. Im finishing 9 doors
ham,"Den only weekdays got special price... Haiz... Cant eat liao... Cut nails oso muz wait until i finish drivin wat, lunch still muz eat wat... "
spam,Please CALL 08712402779 immediately as there is an urgent message waiting for you
ham,WOT U UP 2 J?
ham,"Alright, we're all set here, text the man"
ham,One small prestige problem now.
ham,HMM yeah if your not too grooved out! And im looking forward to my pound special :)
ham,When/where do I pick you up
ham,So why didnt you holla?
ham,No need lar i go engin? Cos my sis at arts today...
ham,WHO ARE YOU SEEING?
ham,Maybe i could get book out tomo then return it immediately ..? Or something.
ham,"Dont worry, 1 day very big lambu ji vl come..til then enjoy batchlor party:-)"
ham,"Aight, call me once you're close"
ham,Check audrey's status right now
spam,Someonone you know is trying to contact you via our dating service! To find out who it could be call from your mobile or landline 09064015307 BOX334SK38ch 
ham,Mmmm ... Fuck ... Not fair ! You know my weaknesses ! *grins* *pushes you to your knee's* *exposes my belly and pulls your head to it* Don't forget ... I know yours too *wicked smile*
ham,Happy new year. Hope you are having a good semester
ham,Now get step 2 outta the way. Congrats again.
ham,Your opinion about me? 1. Over 2. Jada 3. Kusruthi 4. Lovable 5. Silent 6. Spl character 7. Not matured 8. Stylish 9. Simple Pls reply..
ham,I called but no one pick up e phone. I ask both of them already they said ok.
ham,Pls go there today  &lt;#&gt; . I dont want any excuses
ham,"Night has ended for another day, morning has come in a special way. May you smile like the sunny rays and leaves your worries at the blue blue bay. Gud mrng"
ham,K:)k..its good:)when are you going?
ham,"Wait that's still not all that clear, were you not sure about me being sarcastic or that that's why x doesn't want to live with us"
spam,"44 7732584351, Do you want a New Nokia 3510i colour phone DeliveredTomorrow? With 300 free minutes to any mobile + 100 free texts + Free Camcorder reply or call 08000930705."
ham,"K, jason says he's gonna be around so I'll be up there around  &lt;#&gt;"
ham,Is there coming friday is leave for pongal?do you get any news from your work place.
spam,Congrats! Nokia 3650 video camera phone is your Call 09066382422 Calls cost 150ppm Ave call 3mins vary from mobiles 16+ Close 300603 post BCM4284 Ldn WC1N3XX
ham,Huh y lei...
spam,WINNER!! As a valued network customer you have been selected to receivea £900 prize reward! To claim call 09061701461. Claim code KL341. Valid 12 hours only.
ham,Yes just finished watching days of our lives. I love it.
ham,Well done and ! luv ya all 
ham,I want to see your pretty pussy...
ham,Ooooooh I forgot to tell u I can get on yoville on my phone
ham,Honestly i've just made a lovely cup of tea and promptly dropped my keys in it and then burnt my fingers getting them out!
ham,"Sorry, I'll call later in meeting any thing related to trade please call Arul. &lt;#&gt; "
ham,am up to my eyes in philosophy
spam,"URGENT! Your Mobile No. was awarded £2000 Bonus Caller Prize on 5/9/03 This is our final try to contact U! Call from Landline 09064019788 BOX42WR29C, 150PPM"
ham,Think you sent the text to the home phone. That cant display texts. If you still want to send it his number is
ham,Or i go home first lar ü wait 4 me lor.. I put down my stuff first..
spam,2/2 146tf150p
ham,Well I'm going to be an aunty!
ham,K.k..how is your sister kids?
ham,ALRITE HUNNY!WOT U UP 2 2NITE? DIDNT END UP GOIN DOWN TOWN JUS DA PUB INSTEAD! JUS CHILLIN AT DA MO IN ME BEDROOM!LOVE JEN XXX.
ham,"K.. I yan jiu liao... Sat we can go 4 bugis vill one frm 10 to 3 den hop to parco 4 nb. Sun can go cine frm 1030 to 2, den hop to orc mrt 4 hip hop at 4..."
ham,No it's waiting in e car dat's bored wat. Cos wait outside got nothing 2 do. At home can do my stuff or watch tv wat.
ham,hiya hows it going in sunny africa? hope u r avin a good time. give that big old silver back a big kiss from me.
ham,Oh ya ya. I remember da. .
ham,i see. When we finish we have loads of loans to pay
ham,"Yeah go on then, bored and depressed sittin waitin for phone to ring... Hope the wind drops though, scary"
ham,What time. I‘m out until prob 3 or so
ham,Tessy..pls do me a favor. Pls convey my birthday wishes to Nimya..pls dnt forget it. Today is her birthday Shijas
ham,Oh k :)why you got job then whats up?
ham,I am in office:)whats the matter..msg me now.i will call you at break:).
ham,I cant pick the phone right now. Pls send a message
ham,Hey sexy buns! What of that day? No word from you this morning on YM ... :-( ... I think of you
ham,Nothing. Can...
ham,"Oh right, ok. I'll make sure that i do loads of work during the day!  got a really nasty cough today and is dry n shot so that should really help it!"
ham,Haha... Really oh no... How? Then will they deduct your lesson tmr?
ham,U gd lor go shopping i got stuff to do. U wan 2 watch infernal affairs a not? Come lar...
ham,Ok ok take care. I can understand.
ham,Dude while were makin those weirdy brownies my sister made awesome cookies. I took pics.
ham,Hey they r not watching movie tonight so i'll prob b home early...
spam,Free Top ringtone -sub to weekly ringtone-get 1st week free-send SUBPOLY to 81618-?3 per week-stop sms-08718727870
spam,You have won a guaranteed £200 award or even £1000 cashto claim UR award call free on 08000407165 (18+) 2 stop getstop on 88222 PHP. RG21 4JX
ham,"Tee hee. Off to lecture, cheery bye bye."
ham,Captain is in our room:)
ham,Tell me whos this pls:-)
ham,"I hav almost reached. Call, i m unable to connect u."
ham,Oh ok.. Wat's ur email?
ham,Yesterday its with me only . Now am going home.
ham,"Yo, you gonna still be in stock tomorrow/today? I'm trying to get a dubsack"
ham,Huh so early.. Then ü having dinner outside izzit?
ham,"He said that he had a right giggle when he saw u again! You would possibly be the first person2die from NVQ, but think how much you could for! "
ham,No need to buy lunch for me.. I eat maggi mee..
ham,Are you planning to come chennai?
ham,No problem with the renewal. I.ll do it right away but i dont know his details.
ham,i dnt wnt to tlk wid u
ham,"Argh my 3g is spotty, anyway the only thing I remember from the research we did was that province and sterling were the only problem-free places we looked at"
ham,Mine here like all fr china then so noisy.
ham,"Sorry chikku, my cell got some problem thts y i was nt able to reply u or msg u.."
ham,He is there. You call and meet him
ham,Dude sux for snake. He got old and raiden got buff
spam,Do you want a new Video phone? 600 anytime any network mins 400 Inclusive Video calls AND downloads 5 per week Free delTOMORROW call 08002888812 or reply NOW
ham,Ok ill tell the company
ham,Then just eat a shit and wait for ur monkey face bitch.......... U asshole..................
ham,"I wonder how you got online, my love ? Had you gone to the net cafe ? Did you get your phone recharged ? Were you on a friends net ? I think of you, boytoy"
ham,Ok lor then we go tog lor...
spam,Knock Knock Txt whose there to 80082 to enter r weekly draw 4 a £250 gift voucher 4 a store of yr choice. T&Cs www.tkls.com age16 to stoptxtstop£1.50/week
ham,"Omw back to tampa from west palm, you hear what happened?"
ham,Come aftr  &lt;DECIMAL&gt; ..now i m cleaning the house
ham,Aaooooright are you at work?
ham,He like not v shock leh. Cos telling shuhui is like telling leona also. Like dat almost all know liao. He got ask me abt ur reaction lor.
ham,Yeah he got in at 2 and was v apologetic. n had fallen out and she was actin like spoilt child and he got caught up in that. Till 2! But we won't go there! Not doing too badly cheers. You? 
ham,I got a call from a landline number. . . I am asked to come to anna nagar . . . I will go in the afternoon
ham,Just finished. Missing you plenty
ham,Good Morning my Dear........... Have a great &amp; successful day.
ham,Much better now thanks lol
ham,Lol your right. What diet? Everyday I cheat anyway. I'm meant to be a fatty :(
spam,todays vodafone numbers ending with 0089(my last four digits) are selected to received a £350 award. If your number matches please call 09063442151 to claim your £350 award
ham,"Ok. Not much to do here though. H&M Friday, cant wait. Dunno wot the hell im gonna do for another 3 weeks! Become a slob- oh wait, already done that! "
ham,I am late. I will be there at
ham,Okay lor... Wah... like that def they wont let us go... Haha... What did they say in the terms and conditions?
ham,Alright took the morphine. Back in yo.
ham,Shhhhh nobody is supposed to know!
ham,Is fujitsu s series lifebook good?
spam,Get your garden ready for summer with a FREE selection of summer bulbs and seeds worth £33:50 only with The Scotsman this Saturday. To stop go2 notxt.co.uk
ham,In fact when do you leave? I think addie goes back to school tues or wed
ham,soon you will have the real thing princess! Do i make you wet? :)
spam,As one of our registered subscribers u can enter the draw 4 a 100 G.B. gift voucher by replying with ENTER. To unsubscribe text STOP
spam,Sunshine Quiz Wkly Q! Win a top Sony DVD player if u know which country the Algarve is in? Txt ansr to 82277. £1.50 SP:Tyrone
ham,Lol grr my mom is taking forever with my prescription. Pharmacy is like 2 minutes away. Ugh.
ham,"She said,'' do u mind if I go into the bedroom for a minute ? '' ''OK'', I sed in a sexy mood. She came out 5 minuts latr wid a cake...n My Wife,"
ham,Gudnite....tc...practice going on
ham,"Short But Cute : "" Be a good person , but dont try to prove"" ..... Gud mrng..."
spam,Free video camera phones with Half Price line rental for 12 mths and 500 cross ntwk mins 100 txts. Call MobileUpd8 08001950382 or Call2OptOut/674&
ham,Do we have any spare power supplies
ham,"Rose for red,red for blood,blood for heart,heart for u. But u for me.... Send tis to all ur friends.. Including me.. If u like me.. If u get back, 1-u r poor in relation! 2-u need some 1 to support 3-u r frnd 2 many 4-some1 luvs u 5+- some1 is praying god to marry u.:-) try it...."
ham,tap & spile at seven. * Is that pub on gas st off broad st by canal. Ok?
ham,"'Wnevr i wana fal in luv vth my books, My bed fals in luv vth me..!'' . Yen madodu, nav pretsorginta, nammanna pretsovru important alwa....!!:) Gud eveB-)."
ham,Friendship poem: Dear O Dear U R Not Near But I Can Hear Dont Get Fear Live With Cheer No More Tear U R Always my Dear. Gud ni8
ham,yeah sure thing mate haunt got all my stuff sorted but im going sound anyway promoting hex for .by the way who is this? dont know number. Joke
ham,Also remember to get dobby's bowl from your car
ham,Infact happy new year. How are you where are you when are we seeing
ham,"Sorry, I'll call later ok bye"
ham,Man this bus is so so so slow. I think you're gonna get there before me
ham,This is wishing you a great day. Moji told me about your offer and as always i was speechless. You offer so easily to go to great lengths on my behalf and its stunning. My exam is next friday. After that i will keep in touch more. Sorry.
ham,Hey! do u fancy meetin me at 4 at cha  hav a lil beverage on me. if not txt or ring me and we can meet up l8r. quite tired got in at 3 v.pist ;) love Pete x x x
ham,"When people see my msgs, They think Iam addicted to msging... They are wrong, Bcoz They don\'t know that Iam addicted to my sweet Friends..!! BSLVYL"
ham,Can you please send me my aunty's number
spam,<Forwarded from 88877>FREE entry into our £250 weekly comp just send the word ENTER to 88877 NOW. 18 T&C www.textcomp.com
ham,"Me not waking up until 4 in the afternoon, sup"
ham,Oh did you charge camera
ham,"Dizzamn, aight I'll ask my suitemates when I get back"
spam,This message is free. Welcome to the new & improved Sex & Dogging club! To unsubscribe from this service reply STOP. msgs@150p 18+only
ham,Lol ok. I'll snatch her purse too.
spam,Great News! Call FREEFONE 08006344447 to claim your guaranteed £1000 CASH or £2000 gift. Speak to a live operator NOW!
ham,"He has lots of used ones babe, but the model doesn't help. Youi have to bring it over and he'll match it up"
spam,* FREE* POLYPHONIC RINGTONE Text SUPER to 87131 to get your FREE POLY TONE of the week now! 16 SN PoBox202 NR31 7ZS subscription 450pw
ham,"Height of Confidence: All the Aeronautics professors wer calld &amp; they wer askd 2 sit in an aeroplane. Aftr they sat they wer told dat the plane ws made by their students. Dey all hurried out of d plane.. Bt only 1 didnt move... He said:""if it is made by my students,this wont even start........ Datz confidence.."
ham,Don know..wait i will check it.
spam,Hi if ur lookin 4 saucy daytime fun wiv busty married woman Am free all next week Chat now 2 sort time 09099726429 JANINExx Calls£1/minMobsmoreLKPOBOX177HP51FL
ham,Still at west coast... Haiz... Ü'll take forever to come back...
ham,Actually i deleted my old website..now i m blogging at magicalsongs.blogspot.com
ham,Got but got 2 colours lor. One colour is quite light n e other is darker lor. Actually i'm done she's styling my hair now.
spam,URGENT! We are trying to contact U. Todays draw shows that you have won a £800 prize GUARANTEED. Call 09050003091 from land line. Claim C52. Valid 12hrs only
ham,Yeah that'd pretty much be the best case scenario
ham,Hi.what you think about match?
ham,Wat happened to the cruise thing
ham," came to look at the flat, seems ok, in his 50s? * Is away alot wiv work. Got woman coming at 6.30 too."
ham,Lol where do u come up with these ideas?
ham,I'm ok. Will do my part tomorrow
ham,Oi when you gonna ring
ham,Are you there in room.
ham,You have got tallent but you are wasting.
ham,They released vday shirts and when u put it on it makes your bottom half naked instead of those white underwear.
spam,HMV BONUS SPECIAL 500 pounds of genuine HMV vouchers to be won. Just answer 4 easy questions. Play Now! Send HMV to 86688 More info:www.100percent-real.com
ham,Not to worry. I'm sure you'll get it.
ham,Ok lor...
ham,Smile in Pleasure Smile in Pain Smile when trouble pours like Rain Smile when sum1 Hurts U Smile becoz SOMEONE still Loves to see u Smiling!!
ham,"Well the general price is  &lt;#&gt; /oz, let me know if/when/how much you want"
ham,Thanks honey. Have a great day.
ham,"Well done, blimey, exercise, yeah, i kinda remember wot that is, hmm. "
ham,Ok then no need to tell me anything i am going to sleep good night
ham,"Aight, I should be there by 8 at the latest, probably closer to 7. Are jay and tyler down or should we just do two trips?"
ham,Sounds like there could be a lot of time spent in that chastity device boy ... *grins* ... Or take your beatings like a good dog. Going to lounge in a nice long bath now ?
ham,Good evening! this is roger. How are you?
ham,they released another Italian one today and it has a cosign option
spam,"FreeMsg: Claim ur 250 SMS messages-Text OK to 84025 now!Use web2mobile 2 ur mates etc. Join Txt250.com for 1.50p/wk. T&C BOX139, LA32WU. 16 . Remove txtX or stop"
ham,Congrats. That's great. I wanted to tell you not to tell me your score cos it might make me relax. But its motivating me so thanks for sharing
ham,No. But we'll do medical missions to nigeria
spam,We have new local dates in your area - Lots of new people registered in YOUR AREA. Reply DATE to start now! 18 only www.flirtparty.us REPLYS150
ham,"Sir Goodmorning, Once free call me."
ham,"Come to mu, we're sorting out our narcotics situation"
ham,I wud never mind if u dont miss me or if u dont need me.. But u wil really hurt me wen u need me &amp; u dont tell me......... Take care:-)
ham,As usual u can call me ard 10 smth.
ham,Da my birthdate in certificate is in april but real date is today. But dont publish it. I shall give you a special treat if you keep the secret. Any way thanks for the wishes
ham,Wishing you a wonderful week.
ham,"Al he does is moan at me if n e thin goes wrong its my fault&al de arguments r my fault&fed up of him of himso y bother? Hav 2go, thanx.xx"
ham,That's y i said it's bad dat all e gals know u... Wat u doing now?
ham,"I dun thk i'll quit yet... Hmmm, can go jazz ? Yogasana oso can... We can go meet em after our lessons den... "
ham,I don't quite know what to do. I still can't get hold of anyone. I cud pick you up bout 7.30pm and we can see if they're in the pub?
ham,I'm going out to buy mum's present ar.
ham,"Wen ur lovable bcums angry wid u, dnt take it seriously.. Coz being angry is d most childish n true way of showing deep affection, care n luv!.. kettoda manda... Have nice day da."
ham,May i call You later Pls
ham,Does daddy have a bb now.
spam,U have a Secret Admirer who is looking 2 make contact with U-find out who they R*reveal who thinks UR so special-call on 09065171142-stopsms-08
ham,No wonder... Cos i dun rem seeing a silver car... But i thk i saw a black one...
spam,Kit Strip - you have been billed 150p. Netcollex Ltd. PO Box 1013 IG11 OJA
ham,Alright. I'm out--have a good night!
ham,Yup i thk so until e shop closes lor.
ham,"Sir, i am waiting for your call, once free please call me."
ham,5 nights...We nt staying at port step liao...Too ex
ham,Hi here. have birth at on the  to  at 8lb 7oz. Mother and baby doing brilliantly.
ham,Well I might not come then...
ham,"As I entered my cabin my PA said, '' Happy B'day Boss !!''. I felt special. She askd me 4 lunch. After lunch she invited me to her apartment. We went there."
ham,Delhi and chennai still silent.
ham,Its ok..come to my home it vl nice to meet and v can chat..
ham,"I'm gonna be home soon and i don't want to talk about this stuff anymore tonight, k? I've cried enough today."
ham,"Sorry, I'll call later  &lt;#&gt; mins"
spam,thesmszone.com lets you send free anonymous and masked messages..im sending this message from there..do you see the potential for abuse???
ham,"I need an 8th but I'm off campus atm, could I pick up in an hour or two?"
ham,You sure your neighbors didnt pick it up
spam,PRIVATE! Your 2004 Account Statement for 078498****7 shows 786 unredeemed Bonus Points. To claim call 08719180219 Identifier Code: 45239 Expires 06.05.05
ham,Great! I shoot big loads so get ready!
ham,"Sir, good morning. Hope you had a good weekend. I called to let you know that i was able to raise  &lt;#&gt;  from my dad. He however said he would make the rest available by mid feb. This amount is still quite short and i was hoping you would help. Do have a good day. Abiola"
ham,Yeah sure I'll leave in a min
ham,We'll join the  &lt;#&gt;  bus
ham,"Text me when you get off, don't call, my phones having problems"
ham,"We are hoping to get away by 7, from Langport. You still up for town tonight?"
ham,What happen dear. Why you silent. I am tensed
ham,"Oops, I'll let you know when my roommate's done"
ham,Ok lor ü reaching then message me.
ham,Sorry i missed your call. Can you please call back.
ham,Am not working but am up to eyes in philosophy so will text u later when a bit more free for chat...
ham,I think u have the wrong number.
ham,Hi. || Do u want | to join me with sts later? || Meeting them at five. || Call u after class.
ham,Lmao!nice 1
ham,Hey leave it. not a big deal:-) take care.
ham,I don't want you to leave. But i'm barely doing what i can to stay sane. fighting with you constantly isn't helping.
ham,Great! So what attracts you to the brothas?
ham,Msgs r not time pass.They silently say that I am thinking of U right now and also making U think of me at least 4 a moment. Gd nt.swt drms @Shesil
ham,Will do. Was exhausted on train this morning. Too much wine and pie. You sleep well too
ham,Yes watching footie but worried we're going to blow it - Phil Neville?
ham,1 in cbe. 2 in chennai.
spam,Hey I am really horny want to chat or see me naked text hot to 69698 text charged at 150pm to unsubscribe text stop 69698
ham,As per your request 'Maangalyam (Alaipayuthe)' has been set as your callertune for all Callers. Press *9 to copy your friends Callertune
ham,I want kfc its Tuesday. Only buy 2 meals ONLY 2. No gravy. Only 2 Mark. 2!
ham,o turns out i had stereo love on mi phone under the unknown album.
ham,"This is one of the days you have a billion classes, right?"
ham,There bold 2  &lt;#&gt; . Is that yours
ham,"I guess you could be as good an excuse as any, lol."
ham,"Sorry, I can't help you on this."
ham,Okey dokey swashbuckling stuff what oh.
ham,Wylie update: my weed dealer carlos went to freedom and had a class with lunsford
ham,Maybe you should find something else to do instead???
ham,Wife.how she knew the time of murder exactly
spam,1000's of girls many local 2 u who r virgins 2 this & r ready 2 4fil ur every sexual need. Can u 4fil theirs? text CUTE to 69911(£1.50p. m)
ham,Huh? 6 also cannot? Then only how many mistakes?
ham,Noice. Text me when you're here
ham,Oh Howda gud gud.. Mathe en samachara chikku:-)
ham,"Good afternoon, my love. It was good to see your words on YM and get your tm. Very smart move, my slave ... *smiles* ... I drink my coffee and await you."
ham,"Ooh, 4got, i'm gonna start belly dancing in moseley weds 6.30 if u want 2 join me, they have a cafe too. "
ham,Why i come in between you people
ham,Wah lucky man... Then can save money... Hee...
ham,Wah... Okie okie... Muz make use of e unlimited... Haha... 
ham,The length is e same but e top shorter n i got a fringe now. I thk i'm not going liao. Too lazy. Dun wan 2 distract u also.
spam,We tried to contact you re your reply to our offer of a Video Handset? 750 anytime networks mins? UNLIMITED TEXT? Camcorder? Reply or call 08000930705 NOW
ham,"Got hella gas money, want to go on a grand nature adventure with galileo in a little bit?"
ham,Ah poop. Looks like ill prob have to send in my laptop to get fixed cuz it has a gpu problem
ham,"Actually fuck that, just do whatever, do find an excuse to be in tampa at some point before january though"
ham,Are you going to write ccna exam this week??
ham,Haha... They cant what... At the most tmr forfeit... haha so how?
ham,Glad to see your reply.
ham,"Hey babe, sorry i didn't get sooner. Gary can come and fix it cause he thinks he knows what it is but he doesn't go as far a Ptbo and he says it will cost  &lt;#&gt;  bucks. I don't know if it might be cheaper to find someone there ? We don't have any second hand machines at all right now, let me know what you want to do babe"
ham,Pls send me your address sir.
ham,Midnight at the earliest
ham,It will stop on itself. I however suggest she stays with someone that will be able to give ors for every stool.
ham,Double eviction this week - Spiral and Michael and good riddance to them!
ham,He also knows about lunch menu only da. . I know
spam,You have 1 new message. Call 0207-083-6089
ham,"hey, looks like I was wrong and one of the kappa guys numbers is still on my phone, if you want I can text him and see if he's around"
ham,U come n search tat vid..not finishd..
spam,Sorry I missed your call let's talk when you have the time. I'm on 07090201529
ham,ARR birthday today:) i wish him to get more oscar.
ham,Also track down any lighters you can find
spam,"Congrats! 1 year special cinema pass for 2 is yours. call 09061209465 now! C Suprman V, Matrix3, StarWars3, etc all 4 FREE! bx420-ip4-5we. 150pm. Dont miss out!"
ham,All day working day:)except saturday and sunday..
ham,Ok. How many should i buy.
spam,Freemsg: 1-month unlimited free calls! Activate SmartCall Txt: CALL to No: 68866. Subscriptn3gbp/wk unlimited calls Help: 08448714184 Stop?txt stop landlineonly
ham,Where's mummy's boy ? Is he being good or bad ? Is he being positive or negative ? Why is mummy being made to wait? Hmmmm?
ham,K...k:)why cant you come here and search job:)
ham,"Good evening Sir, Al Salam Wahleykkum.sharing a happy news.By the grace of God, i got an offer from Tayseer,TISSCO and i joined.Hope you are fine.Inshah Allah,meet you sometime.Rakhesh,visitor from India."
ham,"Alright we'll bring it to you, see you in like  &lt;#&gt;  mins"
spam,URGENT! Your Mobile number has been awarded with a £2000 prize GUARANTEED. Call 09061790121 from land line. Claim 3030. Valid 12hrs only 150ppm
ham,Dont worry. I guess he's busy.
spam,Babe: U want me dont u baby! Im nasty and have a thing 4 filthyguys. Fancy a rude time with a sexy bitch. How about we go slo n hard! Txt XXX SLO(4msgs)
ham,Its a part of checking IQ
ham,"To the wonderful Okors, have a great month. We cherish you guys and wish you well each day. MojiBiola"
ham,Are you ok. What happen to behave like this
ham,Omg I want to scream. I weighed myself and I lost more weight! Woohoo!
ham,"Aldrine, rakhesh ex RTM here.pls call.urgent."
ham,The monthly amount is not that terrible and you will not pay anything till 6months after finishing school.
ham,I will treasure every moment we spend together...
ham,Your account has been refilled successfully by INR  &lt;DECIMAL&gt; . Your KeralaCircle prepaid account balance is Rs  &lt;DECIMAL&gt; . Your Transaction ID is KR &lt;#&gt; .
ham,Wat time ü wan today?
ham,MAKE SURE ALEX KNOWS HIS BIRTHDAY IS OVER IN FIFTEEN MINUTES AS FAR AS YOU'RE CONCERNED
ham,If you are not coughing then its nothing
ham,Change again... It's e one next to escalator...
ham,You available now? I'm like right around hillsborough &amp;  &lt;#&gt; th
spam,Dont forget you can place as many FREE Requests with 1stchoice.co.uk as you wish. For more Information call 08707808226.
spam,"This is the 2nd time we have tried 2 contact u. U have won the 750 Pound prize. 2 claim is easy, call 08712101358 NOW! Only 10p per min. BT-national-rate"
ham,I might go 2 sch. Yar at e salon now v boring.
ham,I've got it down to a tea. not sure which flavour
ham,"Im sorry bout last nite it wasnt ur fault it was me, spouse it was pmt or sumthin! U 4give me? I think u shldxxxx"
ham,great princess! I love giving and receiving oral. Doggy style is my fave position. How about you? I enjoy making love  &lt;#&gt;  times per night :)
ham,Once free call me sir. I am waiting for you.
ham,God's love has no limit. God's grace has no measure. God's power has no boundaries. May u have God's endless blessings always in ur life...!! Gud ni8
ham,"THATS ALRITE GIRL, U KNOW GAIL IS NEVA WRONG!!TAKE CARE SWEET AND DONT WORRY.C U L8TR HUN!LOVE Yaxxx"
ham,Where wuld I be without my baby? The thought alone mite break me and I dont wanna go crazy but everyboy needs his lady xxxxxxxx
ham,Thanx 4 2day! U r a goodmate I THINK UR RITE SARY! ASUSUAL!1 U CHEERED ME UP! LOVE U FRANYxxxxx
ham,What are youdoing later? Sar xxx
spam,Don't b floppy... b snappy & happy! Only gay chat service with photo upload call 08718730666 (10p/min). 2 stop our texts call 08712460324
ham,Lol you won't feel bad when I use her money to take you out to a steak dinner =D
ham,So gd got free ice cream... I oso wan...
ham,Dnt worry...use ice pieces in a cloth pack.also take 2 tablets.
ham,Ok i'm coming home now.
spam,You have been specially selected to receive a 2000 pound award! Call 08712402050 BEFORE the lines close. Cost 10ppm. 16+. T&Cs apply. AG Promo
ham,I sent you  &lt;#&gt;  bucks
ham,"Theoretically yeah, he could be able to come"
ham,Ok c ü then.
ham,"Aight, text me tonight and we'll see what's up"
ham,Sorry i din lock my keypad.
ham,My tuition is at 330. Hm we go for the 1120 to 1205 one? Do you mind?
ham,I lost 4 pounds since my doc visit last week woot woot! Now I'm gonna celebrate by stuffing my face!
ham,Whats the staff name who is taking class for us?
ham,Thinkin about someone is all good. No drugs for that
ham,Your right! I'll make the appointment right now.
ham,"Frnd s not juz a word.....not merely a relationship.....its a silent promise which says ... "" I will be with YOU "" Wherevr.. Whenevr.. Forevr... Gudnyt dear.."
spam,"u r subscribed 2 TEXTCOMP 250 wkly comp. 1st wk?s free question follows, subsequent wks charged@150p/msg.2 unsubscribe txt STOP 2 84128,custcare 08712405020"
ham,How is it possible to teach you. And where.
ham,Gud mrng dear hav a nice day
spam,SMS AUCTION - A BRAND NEW Nokia 7250 is up 4 auction today! Auction is FREE 2 join & take part! Txt NOKIA to 86021 now! HG/Suite342/2Lands Row/W1J6HL
ham,Ok cool. See ya then.
ham,"K, makes sense, btw carlos is being difficult so you guys are gonna smoke while I go pick up the second batch and get gas"
ham,Ü still got lessons?  Ü in sch?
spam,This message is free. Welcome to the new & improved Sex & Dogging club! To unsubscribe from this service reply STOP. msgs@150p 18 only
ham,I borrow ur bag ok.
ham,How's it going? Got any exciting karaoke type activities planned? I'm debating whether to play football this eve. Feeling lazy though.
ham,Teach me apps da. When you come to college.
ham,Aslamalaikkum....insha allah tohar beeen muht albi mufti mahfuuz...meaning same here....
ham,SERIOUSLY. TELL HER THOSE EXACT WORDS RIGHT NOW.
ham,Me sef dey laugh you. Meanwhile how's my darling anjie!
spam,"Dear Voucher Holder, 2 claim this weeks offer, at your PC go to http://www.e-tlp.co.uk/expressoffer Ts&Cs apply.2 stop texts txt STOP to 80062."
ham,I'm awake oh. What's up.
ham,I dont know ask to my brother. Nothing problem some thing that. Just i told .
ham,"Sorry, I'll call later"
ham,You intrepid duo you! Have a great time and see you both soon. 
spam,Free tones Hope you enjoyed your new content. text stop to 61610 to unsubscribe. help:08712400602450p Provided by tones2you.co.uk
ham,I'm not. She lip synced with shangela.
ham,Today is ACCEPT DAY..U Accept me as? Brother Sister Lover Dear1 Best1 Clos1 Lvblefrnd Jstfrnd Cutefrnd Lifpartnr Belovd Swtheart Bstfrnd No rply means enemy
ham,"Sure thing big man. i have hockey elections at 6, shouldn‘t go on longer than an hour though"
ham,"Trust me. Even if isn't there, its there."
ham,Well then you have a great weekend!
ham,Oh ho. Is this the first time u use these type of words
ham,"The gas station is like a block away from my house, you'll drive right by it since armenia ends at swann and you have to take howard"
ham,Yes..gauti and sehwag out of odi series.
ham,Aiya we discuss later lar... Pick ü up at 4 is it?
ham,Wat time r ü going to xin's hostel?
ham,My darling sister. How are you doing. When's school resuming. Is there a minimum wait period before you reapply? Do take care
ham,Ok. There may be a free gym about.
ham,Ok i've sent u da latest version of da project.
spam,"URGENT!: Your Mobile No. was awarded a £2,000 Bonus Caller Prize on 02/09/03! This is our 2nd attempt to contact YOU! Call 0871-872-9755 BOX95QU"
ham,No need for the drug anymore.
ham,No that just means you have a fat head
ham,"Have a lovely night and when you wake up to see this message, i hope you smile knowing all is as should be. Have a great morning"
ham,Nope i'll come online now..
ham,Now i'm going for lunch.
ham,I love you both too :-)
ham,She's fine. Good to hear from you. How are you my dear? Happy new year oh.
ham,Simply sitting and watching match in office..
ham,Today is ACCEPT DAY..U Accept me as? Brother Sister Lover Dear1 Best1 Clos1 Lvblefrnd Jstfrnd Cutefrnd Lifpartnr Belovd Swtheart Bstfrnd No rply means enemy
spam,"Congrats 2 mobile 3G Videophones R yours. call 09063458130 now! videochat wid ur mates, play java games, Dload polypH music, noline rentl. bx420. ip4. 5we. 150p"
ham,What happen dear tell me
spam,Valentines Day Special! Win over £1000 in our quiz and take your partner on the trip of a lifetime! Send GO to 83600 now. 150p/msg rcvd. CustCare:08718720201
ham,Audrie lousy autocorrect
ham,"awesome, how do I deal with the gate? Charles told me last night but, uh, yeah"
ham,Pete can you please ring meive hardly gotany credit
ham,Oh... Kay... On sat right?
ham,I think its far more than that but find out. Check google maps for a place from your dorm.
ham,Still chance there. If you search hard you will get it..let have a try :)
ham,I am joining today formally.Pls keep praying.will talk later.
ham,"&lt;#&gt; %of pple marry with their lovers... becz they hav gud undrstndng dat avoids problems. i sent dis 2 u, u wil get gud news on friday by d person you like. And tomorrow will be the best day of your life. Dont break this chain. If you break you will suffer. send this to  &lt;#&gt;  frnds in &lt;#&gt;  mins whn u read..."
spam,"This weeks SavaMob member offers are now accessible. Just call 08709501522 for details! SavaMob, POBOX 139, LA3 2WU. Only £1.50/week. SavaMob - offers mobile!"
spam,"FreeMSG You have been awarded a FREE mini DIGITAL CAMERA, just reply SNAP to collect your prize! (quizclub Opt out? Stop 80122300p/wk SP:RWM Ph:08704050406)"
ham,"7 wonders in My WORLD 7th You 6th Ur style 5th Ur smile 4th Ur Personality 3rd Ur Nature 2nd Ur SMS and 1st ""Ur Lovely Friendship""... good morning dear"
ham,These won't do. Have to move on to morphine
ham,Wow didn't think it was that common. I take it all back ur not a freak! Unless u chop it off:-)
ham,Do you know what Mallika Sherawat did yesterday? Find out now @  &lt;URL&gt;
ham,"Solve d Case : A Man Was Found Murdered On  &lt;DECIMAL&gt; . &lt;#&gt;  AfterNoon. 1,His wife called Police. 2,Police questioned everyone. 3,Wife: Sir,I was sleeping, when the murder took place. 4.Cook: I was cooking. 5.Gardener: I was picking vegetables. 6.House-Maid: I went 2 d post office. 7.Children: We went 2 play. 8.Neighbour: We went 2 a marriage. Police arrested d murderer Immediately. Who's It? Reply With Reason, If U r Brilliant."
ham,"Helloooo... Wake up..! ""Sweet"" ""morning"" ""welcomes"" ""You"" ""Enjoy"" ""This Day"" ""with full of joy"".. ""GUD MRNG""."
spam,"Urgent! call 09061749602 from Landline. Your complimentary 4* Tenerife Holiday or £10,000 cash await collection SAE T&Cs BOX 528 HP20 1YF 150ppm 18+"
ham,K fyi x has a ride early tomorrow morning but he's crashing at our place tonight
ham,Just got outta class gonna go gym.
ham,Whatsup there. Dont u want to sleep
ham,Uhhhhrmm isnt having tb test bad when youre sick
ham,Message from . I am at Truro Hospital on ext. You can phone me here. as I have a phone by my side
ham,Hey you gave them your photo when you registered for driving ah? Tmr wanna meet at yck? 
ham,"A boy was late 2 home. His father: ""POWER OF FRNDSHIP"""
ham,How was txting and driving
ham,Thanx a lot...
ham,She's fine. Sends her greetings
ham,What's ur pin?
ham,Can you open the door?
ham,Okie
ham,Please tell me not all of my car keys are in your purse
ham,"Hi , where are you? We're at  and they're not keen to go out i kind of am but feel i shouldn't so can we go out tomo, don't mind do you?"
ham,"Come round, it's . "
spam,URGENT! We are trying to contact U. Todays draw shows that you have won a £800 prize GUARANTEED. Call 09050003091 from land line. Claim C52. Valid12hrs only
ham,Hey. You got any mail?
ham,That is wondar full flim.
spam,U have a secret admirer. REVEAL who thinks U R So special. Call 09065174042. To opt out Reply REVEAL STOP. 1.50 per msg recd. Cust care 07821230901
ham,Ok. Me watching tv too.
ham,I'm working technical support :)voice process.
ham,"Dear friends, sorry for the late information. Today is the birthday of our loving Ar.Praveesh. for more details log on to face book and see. Its his number + &lt;#&gt; . Dont miss a delicious treat."
spam,You have an important customer service announcement. Call FREEPHONE 0800 542 0825 now!
ham,Don know. I did't msg him recently.
ham,645
ham,"Mmmmm ... I loved waking to your words this morning ! I miss you too, my Love. I hope your day goes well and you are happy. I wait for us to be together again"
ham,Bugis oso near wat... 
ham,No no. I will check all rooms befor activities
ham,Are you plans with your family set in stone ?
spam,"Orange brings you ringtones from all time Chart Heroes, with a free hit each week! Go to Ringtones & Pics on wap. To stop receiving these tips reply STOP."
ham,Ic. There are a lotta childporn cars then.
ham,How are you doing. How's the queen. Are you going for the royal wedding
spam,sports fans - get the latest sports news str* 2 ur mobile 1 wk FREE PLUS a FREE TONE Txt SPORT ON to 8007 www.getzed.co.uk 0870141701216+ norm 4txt/120p 
spam,"For ur chance to win a £250 wkly shopping spree TXT: SHOP to 80878. T's&C's www.txt-2-shop.com custcare 08715705022, 1x150p/wk"
spam,Dear Subscriber ur draw 4 £100 gift voucher will b entered on receipt of a correct ans. When was Elvis Presleys Birthday? TXT answer to 80062
ham,Where are you ? What are you doing ? Are yuou working on getting the pc to your mom's ? Did you find a spot that it would work ? I need you
ham,"Watching cartoon, listening music &amp; at eve had to go temple &amp; church.. What about u?"
ham,"Wen ur lovable bcums angry wid u, dnt take it seriously.. Coz being angry is d most childish n true way of showing deep affection, care n luv!.. kettoda manda... Have nice day da."
ham,Hows that watch resizing
ham,I'm fine. Hope you are also
ham,Ranjith cal drpd Deeraj and deepak 5min hold
ham,Ü all write or wat..
ham,That sucks. So what do you got planned for your yo valentine? I am your yo valentine aren't I?
ham,Check wid corect speling i.e. Sarcasm
ham,Prepare to be pleasured :)
ham,When can ü come out?
spam,"URGENT! Your Mobile No 07808726822 was awarded a £2,000 Bonus Caller Prize on 02/09/03! This is our 2nd attempt to contact YOU! Call 0871-872-9758 BOX95QU"
ham,Why you keeping me away like this
ham,Finish already... Yar they keep saying i mushy... I so embarrassed ok...
ham,What time you think you'll have it? Need to know when I should be near campus
ham,How much is blackberry bold2 in nigeria.
spam,"Get 3 Lions England tone, reply lionm 4 mono or lionp 4 poly. 4 more go 2 www.ringtones.co.uk, the original n best. Tones 3GBP network operator rates apply"
ham,Not planned yet :)going to join company on jan 5 only.don know what will happen after that.
ham,I am late. I will be there at
spam,Ur cash-balance is currently 500 pounds - to maximize ur cash-in now send CASH to 86688 only 150p/msg. CC: 08708800282 HG/Suite342/2Lands Row/W1J6HL
ham,Ha... Then we must walk to everywhere... Cannot take tram. My cousin said can walk to vic market from our hotel 
ham,U buy newspapers already?
spam,(Bank of Granite issues Strong-Buy) EXPLOSIVE PICK FOR OUR MEMBERS *****UP OVER 300% *********** Nasdaq Symbol CDGT That is a $5.00 per..
ham,Dunno lei he neva say...
spam,"WELL DONE! Your 4* Costa Del Sol Holiday or £5000 await collection. Call 09050090044 Now toClaim. SAE, TCs, POBox334, Stockport, SK38xh, Cost£1.50/pm, Max10mins"
ham,So that takes away some money worries
ham,"Good afternoon, my love! How goes that day ? I hope maybe you got some leads on a job. I think of you, boytoy and send you a passionate kiss from across the sea"
spam,Bloomberg -Message center +447797706009 Why wait? Apply for your future http://careers. bloomberg.com
ham,How much you got for cleaning
ham,Jus finish bathing...
ham,Have you bookedthe hut? And also your time off? How are you by the way?
ham,HI DARLIN IVE JUST GOT BACK AND I HAD A REALLY NICE NIGHT AND THANKS SO MUCH FOR THE LIFT SEE U TOMORROW XXX
ham,Then ü wait 4 me at bus stop aft ur lect lar. If i dun c ü then i go get my car then come back n pick ü.
ham,"Sorry, I'll call later in meeting"
ham,I think it's all still in my car
ham,Get ready to put on your excellent sub face :)
ham,"Hi. Wk been ok - on hols now! Yes on for a bit of a run. Forgot that i have hairdressers appointment at four so need to get home n shower beforehand. Does that cause prob for u?"""
ham,Every monday..nxt week vl be completing..
ham,"That way transport is less problematic than on sat night. By the way, if u want to ask  n  to join my bday, feel free. But need to know definite nos as booking on fri. "
ham,You said not now. No problem. When you can. Let me know.
ham,"Hello, As per request from  &lt;#&gt;  Rs.5 has been transfered to you"
ham,HI DARLIN I HOPE YOU HAD A NICE NIGHT I WISH I HAD COME CANT WAIT TO SEE YOU LOVE FRAN PS I WANT DIRTY ANAL SEX AND I WANT A 10 MAN GANG BANG
ham,Men like shorter ladies. Gaze up into his eyes.
spam,Money i have won wining number 946 wot do i do next
ham,Meeting u is my work. . . Tel me when shall i do my work tomorrow
ham,Nope. Meanwhile she talk say make i greet you.
spam,"Free Msg: get Gnarls Barkleys ""Crazy"" ringtone TOTALLY FREE just reply GO to this message right now!"
ham,Right it wasnt you who phoned it was someone with a number like yours!
ham,It only does simple arithmetic not percentages.
ham,Hey mate. Spoke to the mag people. We‘re on.  the is deliver by the end of the month. Deliver on the 24th sept. Talk later. 
ham,You will be in the place of that man
ham,"Yup, no need. I'll jus wait 4 e rain 2 stop."
ham,Y?WHERE U AT DOGBREATH? ITS JUST SOUNDING LIKE JAN C THATS AL!!!!!!!!!
ham,Yup but it's not giving me problems now so mayb i'll jus leave it...
ham,Just come home. I don't want u to be miserable
ham,Ok then i come n pick u at engin?
ham,Dear i am not denying your words please
ham,ME 2 BABE I FEEL THE SAME LETS JUST 4GET ABOUT IT+BOTH TRY +CHEER UP+NOT FIT SOO MUCHXXLOVE U LOCAXX
ham,Umma my life and vava umma love you lot dear
ham,And smile for me right now as you go and the world will wonder what you are smiling about and think your crazy and keep away from you ... *grins*
spam,Update_Now - 12Mths Half Price Orange line rental: 400mins...Call MobileUpd8 on 08000839402 or call2optout=J5Q
ham,Oh god i am happy to see your message after 3 days
ham,Your opinion about me? 1. Over 2. Jada 3. Kusruthi 4. Lovable 5. Silent 6. Spl character 7. Not matured 8. Stylish 9. Simple Pls reply..
spam,XCLUSIVE@CLUBSAISAI 2MOROW 28/5 SOIREE SPECIALE ZOUK WITH NICHOLS FROM PARIS.FREE ROSES 2 ALL LADIES !!! info: 07946746291/07880867867 
ham,Then we wait 4 u lor... No need 2 feel bad lar...
ham,"Haha, my legs and neck are killing me and my amigos are hoping to end the night with a burn, think I could swing by in like an hour?"
ham,Really good:)dhanush rocks once again:)
ham,Reading gud habit.. Nan bari hudgi yorge pataistha ertini kano:-)
ham,Idk. I'm sitting here in a stop and shop parking lot right now bawling my eyes out because i feel like i'm a failure in everything. Nobody wants me and now i feel like i'm failing you.
ham,Long after I quit. I get on only like 5 minutes a day as it is.
ham,Wat u doing there?
ham,Have a safe trip to Nigeria. Wish you happiness and very soon company to share moments with
ham,"I'm tired of arguing with you about this week after week. Do what you want and from now on, i'll do the same."
ham,Good. No swimsuit allowed :)
ham,I'm in a movie... Collect car oredi...
spam,"You have been selected to stay in 1 of 250 top British hotels - FOR NOTHING! Holiday Worth £350! To Claim, Call London 02072069400. Bx 526, SW73SS"
spam,Dear U've been invited to XCHAT. This is our final attempt to contact u! Txt CHAT to 86688
spam,We currently have a message awaiting your collection. To collect your message just call 08718723815.
spam,"Hi, the SEXYCHAT girls are waiting for you to text them. Text now for a great night chatting. send STOP to stop this service"
ham,Dai  &lt;#&gt;  naal eruku.
ham,what are your new years plans?
ham,"My mobile number.pls sms ur mail id.convey regards to achan,amma.Rakhesh.Qatar"
ham,"Sorry, I'll call later in meeting"
ham,"HEY THERE BABE, HOW U DOIN? WOT U UP 2 2NITE LOVE ANNIE X."
ham,Thanks for your message. I really appreciate your sacrifice. I'm not sure of the process of direct pay but will find out on my way back from the test tomorrow. I'm in class now. Do have a wonderful day.
ham,I've reached already.
ham,"Hello.How u doing?What u been up 2?When will u b moving out of the flat, cos I will need to arrange to pick up the lamp, etc. Take care. Hello caroline!"
ham,S:)but he had some luck.2 catches put down:)
spam,07732584351 - Rodger Burns - MSG = We tried to call you re your reply to our sms for a free nokia mobile + free camcorder. Please call now 08000930705 for delivery tomorrow
ham,Well she's in for a big surprise!
ham,Try neva mate!!
spam,FREE for 1st week! No1 Nokia tone 4 ur mobile every week just txt NOKIA to 8077 Get txting and tell ur mates. www.getzed.co.uk POBox 36504 W45WQ 16+ norm150p/tone
ham,Ok no problem... Yup i'm going to sch at 4 if i rem correctly...
ham,I have many dependents
ham,"Helloooo... Wake up..! ""Sweet"" ""morning"" ""welcomes"" ""You"" ""Enjoy"" ""This Day"" ""with full of joy"".. ""GUD MRNG""."
ham,Ya very nice. . .be ready on thursday
spam,Promotion Number: 8714714 - UR awarded a City Break and could WIN a £200 Summer Shopping spree every WK. Txt STORE to 88039 . SkilGme. TsCs087147403231Winawk!Age16 £1.50perWKsub
ham,Dont know you bring some food
ham,Tension ah?what machi?any problem?
ham,"Forgot you were working today! Wanna chat, but things are ok so drop me a text when you're free / bored etc and i'll ring. Hope all is well, nose essay and all xx"
ham,Booked ticket for pongal?
ham,I will cme i want to go to hos 2morow. After that i wil cme. This what i got from her dear what to do. She didnt say any time
ham,Tomorrow i am not going to theatre. . . So i can come wherever u call me. . . Tell me where and when to come tomorrow
ham,Wait . I will msg after  &lt;#&gt;  min.
ham,"My friend, she's studying at warwick, we've planned to go shopping and to concert tmw, but it may be canceled, havn't seen  for ages, yeah we should get together sometime!"
ham,"I'm not smoking while people use ""wylie smokes too much"" to justify ruining my shit"
ham,"Haven't seen my facebook, huh? Lol!"
ham,You can jot down things you want to remember later.
ham,Did he just say somebody is named tampa
ham,"Dear, take care. I am just reaching home.love u a lot."
ham,Den wat will e schedule b lk on sun?
ham,Nvm... I'm going to wear my sport shoes anyway... I'm going to be late leh.
ham,Mm that time you dont like fun
ham,I got to video tape pple type in message lor. U so free wan 2 help me? Hee... Cos i noe u wan 2 watch infernal affairs so ask u along. Asking shuhui oso.
ham,"What part of ""don't initiate"" don't you understand"
ham,Hi! You just spoke to MANEESHA V. We'd like to know if you were satisfied with the experience. Reply Toll Free with Yes or No.
spam,important information 4 orange user 0789xxxxxxx. today is your lucky day!2find out why log onto http://www.urawinner.com THERE'S A FANTASTIC SURPRISE AWAITING YOU!
spam,"Our dating service has been asked 2 contact U by someone shy! CALL 09058091870 NOW all will be revealed. POBox84, M26 3UZ 150p"
ham,Love you aathi..love u lot..
spam,"Bored of speed dating? Try SPEEDCHAT, txt SPEEDCHAT to 80155, if you don't like em txt SWAP and get a new chatter! Chat80155 POBox36504W45WQ 150p/msg rcd 16"
ham,Are you at work right now ?
ham,"Sorry, got a late start, we're on the way"
ham,Designation is software developer and may be she get chennai:)
ham,I know! Grumpy old people. My mom was like you better not be lying. Then again I am always the one to play jokes...
ham,"It's not that you make me cry. It's just that when all our stuff happens on top of everything else, it pushes me over the edge. You don't underdtand how often i cry over my sorry, sorry life."
spam,Not heard from U4 a while. Call 4 rude chat private line 01223585334 to cum. Wan 2C pics of me gettin shagged then text PIX to 8552. 2End send STOP 8552 SAM xxx
ham,"Yeah, that's fine! It's £6 to get in, is that ok? "
ham,Hey r ü still online? I've finished the formatting...
ham,Im just wondering what your doing right now?
ham,The message sent is askin for  &lt;#&gt; dollars. Shoul i pay  &lt;#&gt;  or  &lt;#&gt; ?
spam,"Had your mobile 10 mths? Update to the latest Camera/Video phones for FREE. KEEP UR SAME NUMBER, Get extra free mins/texts. Text YES for a call"
ham,HAPPY NEW YEAR MY NO.1 MAN
ham,I surely dont forgot to come:)i will always be in touch in with you:-)
ham,I remain unconvinced that this isn't an elaborate test of my willpower
ham,"Aight, can you text me the address?"
ham,He dint tell anything. He is angry on me that why you told to abi.
ham,Dad went out oredi... 
ham,HI BABE IM AT HOME NOW WANNA DO SOMETHING? XX
ham,"Oh fine, I'll be by tonight"
ham,How stupid to say that i challenge god.You dont think at all on what i write instead you respond immed.
ham,"I can make it up there, squeezed  &lt;#&gt;  bucks out of my dad"
ham,Thought praps you meant another one. Goodo! I'll look tomorrow 
ham,"What do u reckon as need 2 arrange transport if u can't do it, thanks"
ham,So wats ur opinion abt him and how abt is character?
ham,Didn't you get hep b immunisation in nigeria.
spam,December only! Had your mobile 11mths+? You are entitled to update to the latest colour camera mobile for Free! Call The Mobile Update Co FREE on 08002986906 
ham,U really pig leh sleep so much. My dad wake me up at 10 smth 2 eat lunch today.
ham,Hello! How's you and how did saturday go? I was just texting to see if you'd decided to do anything tomo. Not that i'm trying to invite myself or anything!
ham,I'm meeting Darren...
ham,What happened in interview?
ham,Spoons it is then okay?
ham,What u talking bout early morning? It's almost noon where your at!
ham,"Indians r poor but India is not a poor country. Says one of the swiss bank directors. He says that "" &lt;#&gt;  lac crore"" of Indian money is deposited in swiss banks which can be used for 'taxless' budget for  &lt;#&gt;  yrs. Can give  &lt;#&gt;  crore jobs to all Indians. From any village to Delhi 4 lane roads. Forever free power suply to more than  &lt;#&gt;  social projects. Every citizen can get monthly  &lt;#&gt; /- for  &lt;#&gt;  yrs. No need of World Bank &amp; IMF loan. Think how our money is blocked by rich politicians. We have full rights against corrupt politicians. Itna forward karo ki pura INDIA padhe.g.m."""
ham,Haiyoh... Maybe your hamster was jealous of million
ham,"By march ending, i should be ready. But will call you for sure. The problem is that my capital never complete. How far with you. How's work and the ladies"
spam,"As a valued customer, I am pleased to advise you that following recent review of your Mob No. you are awarded with a £1500 Bonus Prize, call 09066364589"
spam,UR awarded a City Break and could WIN a £200 Summer Shopping spree every WK. Txt STORE to 88039.SkilGme.TsCs087147403231Winawk!Age16+£1.50perWKsub
ham,Busy here. Trying to finish for new year. I am looking forward to finally meeting you...
ham,I HAVE A DATE ON SUNDAY WITH WILL!!
ham,Yeah do! Don‘t stand to close tho- you‘ll catch something!
ham,Thats cool. Where should i cum? On you or in you? :)
ham,Do have a nice day today. I love you so dearly.
ham,"Night has ended for another day, morning has come in a special way. May you smile like the sunny rays and leaves your worries at the blue blue bay. Gud mrng"
ham,I thought slide is enough.
ham,The new deus ex game comin early next yr
spam,Your B4U voucher w/c 27/03 is MARSMS. Log onto www.B4Utele.com for discount credit. To opt out reply stop. Customer care call 08717168528
ham,Xy trying smth now. U eat already? We havent...
ham,"Haha get used to driving to usf man, I know a lot of stoners"
ham,Aiyah ok wat as long as got improve can already wat...
ham,I'll be in sch fr 4-6... I dun haf da book in sch... It's at home...
ham,The bus leaves at  &lt;#&gt; 
ham,"Until 545 lor... Ya, can go 4 dinner together..."
ham,Hey mr  and I are going to the sea view and having a couple of gays I mean games! Give me a bell when ya finish 
ham,"Sure, if I get an acknowledgement from you that it's astoundingly tactless and generally faggy to demand a blood oath fo"
ham,"Haha... Sounds crazy, dunno can tahan anot..."
ham,What's up my own oga. Left my phone at home and just saw ur messages. Hope you are good. Have a great weekend.
ham,Can u get pic msgs to your phone?
ham,In which place do you want da.
ham,have * good weekend.
ham,Any pain on urination any thing else?
ham,Yar else i'll thk of all sorts of funny things.
ham,If you have belive me. Come to my home.
ham,Yar lor actually we quite fast... Cos da ge slow wat... Haha...
ham,A bloo bloo bloo I'll miss the first bowl
ham,"I can. But it will tell quite long, cos i haven't finish my film yet..."
ham,Is ur paper in e morn or aft tmr?
ham,K go and sleep well. Take rest:-).
ham,Lol no. Just trying to make your day a little more interesting
ham,"Its Ur luck to Love someone. Its Ur fortune to Love the one who Loves U. But, its a miracle to Love a person who can't Love anyone except U... Gud nyt..."
ham,I will reach office around  &lt;DECIMAL&gt; . &amp; my mobile have problem. You cann't get my voice. So call you asa i'll free
ham,I am waiting for your call sir.
ham,I'm still pretty weak today .. Bad day ?
ham,Great to hear you are settling well. So what's happenin wit ola?
ham,"(And my man carlos is definitely coming by mu tonight, no excuses)"
ham,Sorry me going home first... Daddy come fetch ü later...
spam,Someone U know has asked our dating service 2 contact you! Cant Guess who? CALL 09058091854 NOW all will be revealed. PO BOX385 M6 6WU
ham,I to am looking forward to all the sex cuddling.. Only two more sleeps 
ham,Watching ajith film ah?
ham,Arun can u transfr me d amt
ham,Please sen :)my kind advice :-)please come here and try:-)
ham,"That's what I love to hear :V see you sundayish, then"
ham,"God picked up a flower and dippeditinaDEW, lovingly touched itwhichturnedinto u, and the he gifted tomeandsaid,THIS FRIEND IS 4U"
ham,"Sorry man my account's dry or I would, if you want we could trade back half or I could buy some shit with my credit card"
ham,"Hi the way I was with u 2day, is the normal way&this is the real me. UR unique&I hope I know u 4 the rest of mylife. Hope u find wot was lost."
ham,Package all your programs well
ham,"Actually nvm, got hella cash, we still on for  &lt;#&gt; ish?"
ham,"A cute thought for friendship: ""Its not necessary to share every secret with ur close Frnd, but watever u shared should be true""...."
spam,88800 and 89034 are premium phone services call 08718711108
ham,K I'll be sure to get up before noon and see what's what
ham,So wat's da decision?
ham,PLEASSSSSSSEEEEEE TEL ME V AVENT DONE SPORTSx
ham,This single single answers are we fighting? Plus i said am broke and you didnt reply
ham,i felt so...not any conveying reason.. Ese he... What about me?
ham,Big brother‘s really scraped the barrel with this shower of social misfits
spam,Dear 0776xxxxxxx U've been invited to XCHAT. This is our final attempt to contact u! Txt CHAT to 86688 150p/MsgrcvdHG/Suite342/2Lands/Row/W1J6HL LDN 18yrs 
ham,how tall are you princess?
spam,Someone has contacted our dating service and entered your phone because they fancy you! To find out who it is call from a landline 09111032124 . PoBox12n146tf150p
ham,Want to finally have lunch today?
ham,So u wan 2 come for our dinner tonight a not?
ham,"Hello baby, did you get back to your mom's ? Are you setting up the computer now ? Filling your belly ? How goes it loverboy ? I miss you already ... *sighs*"
ham,"So anyways, you can just go to your gym or whatever, my love *smiles* I hope your ok and having a good day babe ... I miss you so much already"
ham,Like a personal sized or what
ham,A guy who gets used but is too dumb to realize it.
ham,hi baby im cruisin with my girl friend what r u up 2? give me a call in and hour at home if thats alright or fone me on this fone now love jenny xxx
ham,Ok... Thanx... Gd nite 2 ü too...
ham,I'm ok wif it cos i like 2 try new things. But i scared u dun like mah. Cos u said not too loud.
ham,"I can't speak, bcaz mobile have problem. I can listen you but you cann't listen my voice. So i calls you later."
ham,Going to take your babe out ?
ham,"I can't right this second, gotta hit people up first"
ham,I wanted to ask ü to wait 4 me to finish lect. Cos my lect finishes in an hour anyway.
ham,There is os called ubandu which will run without installing in hard disk...you can use that os to copy the important files in system and give it to repair shop..
ham,"Sorry pa, i dont knw who ru pa?"
ham,Please tell me you have some of that special stock you were talking about
spam,"I want some cock! My hubby's away, I need a real man 2 satisfy me. Txt WIFE to 89938 for no strings action. (Txt STOP 2 end, txt rec £1.50ea. OTBox 731 LA1 7WS. )"
ham,"Honey, can you pls find out how much they sell Predicte in Nigeria. And how many times can it be used. Its very important to have a reply before monday"
ham,"Thank you so much. When we skyped wit kz and sura, we didnt get the pleasure of your company. Hope you are good. We've given you ultimatum oh! We are countin down to aburo. Enjoy! This is the message i sent days ago"
ham,U calling me right? Call my hand phone...
ham,I.ll get there tomorrow and send it to you
ham,He remains a bro amongst bros
ham,"Sad story of a Man - Last week was my b'day. My Wife did'nt wish me. My Parents forgot n so did my Kids . I went to work. Even my Colleagues did not wish. As I entered my cabin my PA said, '' Happy B'day Boss !!''. I felt special. She askd me 4 lunch. After lunch she invited me to her apartment. We went there. She said,'' do u mind if I go into the bedroom for a minute ? '' ''OK'', I sed in a sexy mood. She came out 5 minuts latr wid a cake...n My Wife, My Parents, My Kidz, My Friends n My Colleagues. All screaming.. SURPRISE !! and I was waiting on the sofa.. ... ..... ' NAKED...!"
ham,"Babe ! How goes that day ? What are you doing ? Where are you ? I sip my cappuccino and think of you, my love ... I send a kiss to you from across the sea"
ham,Dear we are going to our rubber place
ham,Not able to do anything.
ham,"Hi elaine, is today's meeting confirmed?"
ham,Life spend with someone for a lifetime may be meaningless but a few moments spent with someone who really love you means more than life itself..
spam,FreeMsg Today's the day if you are ready! I'm horny & live in your town. I love sex fun & games! Netcollex Ltd 08700621170150p per msg reply Stop to end
ham,Yo you around? A friend of mine's lookin to pick up later tonight
ham,Where r we meeting?
spam,New TEXTBUDDY Chat 2 horny guys in ur area 4 just 25p Free 2 receive Search postcode or at gaytextbuddy.com. TXT ONE name to 89693
ham,At the funeral home with Audrey and dad
ham,Ok k..sry i knw 2 siva..tats y i askd..
ham,How will I creep on you now? ;_;
ham,"'An Amazing Quote'' - ""Sometimes in life its difficult to decide whats wrong!! a lie that brings a smile or the truth that brings a tear...."""
ham,K..k..i'm also fine:)when will you complete the course?
ham,Where do you need to go to get it?
ham,Oh k.i think most of wi and nz players unsold.
ham,"Awesome, text me when you're restocked"
ham,Thats cool. i am a gentleman and will treat you with dignity and respect.
ham,"Hello, hello, hi lou sorry it took so long 2 reply- I left mobile at friends in Lancaster, just got it bak Neway im sorry I couldnt make ur bday 2 hun!"
ham,"Awesome, that gonna be soon or later tonight?"
ham,"Hi hope u r both ok, he said he would text and he hasn't, have u seen him, let me down gently please "
ham,You need to get up. Now.
ham,Not a drop in the tank
ham,Er mw im filled tuth is aight
ham,"I jus hope its true that  missin me cos i'm really missin him! You haven't done anything to feel guilty about, yet."
ham,"No, I was trying it all weekend ;V"
spam,"Last Chance! Claim ur £150 worth of discount vouchers today! Text SHOP to 85023 now! SavaMob, offers mobile! T Cs SavaMob POBOX84, M263UZ. £3.00 Sub. 16"
ham,Yes:)sura in sun tv.:)lol.
ham,Only if you promise your getting out as SOON as you can. And you'll text me in the morning to let me know you made it in ok.
ham,I cant pick the phone right now. Pls send a message
spam,87077: Kick off a new season with 2wks FREE goals & news to ur mobile! Txt ur club name to 87077 eg VILLA to 87077
ham,K:)k:)what are detail you want to transfer?acc no enough?
ham,I'm in office now . I will call you  &lt;#&gt;  min:)
ham,"Sorry, I'll call later"
ham,"Ya ok, then had dinner?"
ham,"Its ok, if anybody asks abt me, u tel them..:-P"
ham,Oh k...i'm watching here:)
ham,You'll never believe this but i have actually got off at taunton. Wow
ham,Cool. I am  &lt;#&gt;  inches long. hope you like them big!
ham,Never try alone to take the weight of a tear that comes out of ur heart and falls through ur eyes... Always remember a STUPID FRIEND is here to share... BSLVYL
ham,Its sarcasm.. .nt scarcasim
spam,"Hi babe its Jordan, how r u? Im home from abroad and lonely, text me back if u wanna chat xxSP visionsms.com Text stop to stopCost 150p 08712400603"
ham,Lol great now im getting hungry.
ham,Any way where are you and what doing.
ham,Not tonight mate. Catching up on some sleep. This is my new number by the way. 
spam,"Mila, age23, blonde, new in UK. I look sex with UK guys. if u like fun with me. Text MTALK to 69866.18 . 30pp/txt 1st 5free. £1.50 increments. Help08718728876"
ham,"Ugh y can't u just apologize, admit u were wrong and ask me to take u back?"
ham,"Sorry, I'll call later"
ham,Hey... Why dont we just go watch x men and have lunch... Haha 
ham,"Dear Sir,Salam Alaikkum.Pride and Pleasure meeting you today at the Tea Shop.We are pleased to send you our contact number at Qatar.Rakhesh an Indian.Pls save our Number.Respectful Regards."
ham,Oops i thk i dun haf enuff... I go check then tell ü..
spam,Fancy a shag? I do.Interested? sextextuk.com txt XXUK SUZY to 69876. Txts cost 1.50 per msg. TnCs on website. X
ham,I'm in class. Will holla later
ham,"Aiyo... Her lesson so early... I'm still sleepin, haha... Okie, u go home liao den confirm w me lor..."
ham,Can you say what happen
ham,Also maaaan are you missing out
ham,Might ax well im there.
ham,You call him now ok i said call him
ham,Yes we were outside for like 2 hours. And I called my whole family to wake them up cause it started at 1 am
ham,"My fri ah... Okie lor,goin 4 my drivin den go shoppin after tt..."
ham,HOW ARE U? I HAVE MISSED U! I HAVENT BEEN UP 2 MUCH A BIT BORED WITH THE HOLIDAY WANT 2 GO BAK 2 COLLEGE! SAD ISNT IT?xx
ham,You have to pls make a note of all she.s exposed to. Also find out from her school if anyone else was vomiting. Is there a dog or cat in the house? Let me know later.
ham,Bring tat cd don forget
ham,Serious? What like proper tongued her
ham,Hi dear we saw dear. We both are happy. Where you my battery is low
ham,Not directly behind... Abt 4 rows behind ü...
ham,Yup... From what i remb... I think should be can book... 
ham,Where are you?when wil you reach here?
spam,"URGENT! Your mobile No 07xxxxxxxxx won a £2,000 bonus caller prize on 02/06/03! this is the 2nd attempt to reach YOU! call 09066362231 ASAP! BOX97N7QP, 150PPM"
ham,It certainly puts things into perspective when something like this happens
ham,Hey loverboy! I love you !! I had to tell ... I look at your picture and ache to feel you between my legs ... Fuck I want you ... I need you ... I crave you .
ham,G wants to know where the fuck you are
spam,"YOU 07801543489 are guaranteed the latests Nokia Phone, a 40GB iPod MP3 player or a £500 prize! Txt word:COLLECT to No:83355! TC-LLC NY-USA 150p/Mt msgrcvd18+"
ham,Ok...
ham,Tessy..pls do me a favor. Pls convey my birthday wishes to Nimya..pls dnt forget it. Today is her birthday Shijas
ham,Sun ah... Thk mayb can if dun have anythin on... Thk have to book e lesson... E pilates is at orchard mrt u noe hor...  
ham,Yupz... I've oredi booked slots 4 my weekends liao... 
ham,Be sure to check your yahoo email. We sent photos yesterday
ham,Honey boo I'm missing u.
ham,You still at grand prix?
spam,I don't know u and u don't know me. Send CHAT to 86688 now and let's find each other! Only 150p/Msg rcvd. HG/Suite342/2Lands/Row/W1J6HL LDN. 18 years or over.
ham,Pls pls find out from aunt nike.
ham,NEFT Transaction with reference number  &lt;#&gt;  for Rs. &lt;DECIMAL&gt;  has been credited to the beneficiary account on  &lt;#&gt;  at  &lt;TIME&gt; : &lt;#&gt;
spam,Ur ringtone service has changed! 25 Free credits! Go to club4mobiles.com to choose content now! Stop? txt CLUB STOP to 87070. 150p/wk Club4 PO Box1146 MK45 2WT
ham,The evo. I just had to download flash. Jealous?
ham,Call me when u finish then i come n pick u.
spam,IMPORTANT MESSAGE. This is a final contact attempt. You have important messages waiting out our customer claims dept. Expires 13/4/04. Call 08717507382 NOW!
ham,Do u ever get a song stuck in your head for no reason and it won't go away til u listen to it like 5 times?
ham,"And that's fine, I got enough bud to last most of the night at least"
ham,What makes you most happy?
ham,If india win or level series means this is record:)
ham,Then ur physics get a-?
ham,Wake me up at  &lt;#&gt;  am morning:)
ham,Do u noe wat time e place dat sells 4d closes?
ham,It is only yesterday true true.
ham,Today i'm not workin but not free oso... Gee... Thgt u workin at ur fren's shop ? 
ham,"Wn u r hurt by d prsn who s close 2 u, do fight wit dem. Coz somtimes dis fight saves a relation bt being quiet leaves nothin in a relation.. Gud eveB-)"
ham,Does cinema plus drink appeal tomo? * Is a fr thriller by director i like on at mac at 8.30.
ham,U R THE MOST BEAUTIFUL GIRL IVE EVER SEEN. U R MY BABY COME AND C ME IN THE COMMON ROOM
ham,Let me know when you've got the money so carlos can make the call
ham,What * u wearing?
ham,Are you driving or training?
ham,I am in tirupur.  call you da.
ham,"I'm in a meeting, call me later at"
ham,"Haven't found a way to get another app for your phone, eh ? Will you go to the net cafe ? Did you take that job? Geeee I need you babe. I crave to see you ..."
ham,He says hi and to get your ass back to south tampa (preferably at a kegger)
ham,Your board is working fine. The issue of overheating is also reslove. But still software inst is pending. I will come around 8'o clock.
ham,Cos darren say ü considering mah so i ask ü...
spam,"FREE MESSAGE Activate your 500 FREE Text Messages by replying to this message with the word FREE For terms & conditions, visit www.07781482378.com"
ham,Lol yes. But it will add some spice to your day.
ham,cud u tell ppl im gona b a bit l8 cos 2 buses hav gon past cos they were full & im still waitin 4 1. Pete x
ham,Printer is cool. I mean groovy. Wine is groovying
ham,Are you happy baby ? Are you alright ? Did you take that job ? I hope your fine. I send you a kiss to make you smile from across the sea ... *kiss* *kiss*
ham,Sary just need Tim in the bollox &it hurt him a lot so he tol me!
ham,Aft i finish my lunch then i go str down lor. Ard 3 smth lor. U finish ur lunch already?
ham,Hope you are having a great day.
ham,R ü going 4 today's meeting?
ham,"Hmph. Go head, big baller."
ham,ok. I am a gentleman and will treat you with dignity and respect.
spam,URGENT! We are trying to contact you. Last weekends draw shows that you have won a £900 prize GUARANTEED. Call 09061701851. Claim code K61. Valid 12hours only
ham,Ok. Not sure what time tho as not sure if can get to library before class. Will try. See you at some point! Have good eve.
ham,Was it something u ate?
ham,I got lousy sleep. I kept waking up every 2 hours to see if my cat wanted to come in. I worry about him when its cold :(
ham,Now only i reached home. . . I am very tired now. . I will come tomorro
ham,"Hello, my love. What are you doing? Did you get to that interview today? Are you you happy? Are you being a good boy? Do you think of me?Are you missing me ?"
ham,So ü'll be submitting da project tmr rite?
ham,"Yo, any way we could pick something up tonight?"
ham,I'm going 2 orchard now laready me reaching soon. U reaching?
spam,PRIVATE! Your 2003 Account Statement for shows 800 un-redeemed S. I. M. points. Call 08719899230 Identifier Code: 41685 Expires 07/11/04
ham,U say leh... Of course nothing happen lar. Not say v romantic jus a bit only lor. I thk e nite scenery not so nice leh.
ham,No plm i will come da. On the way.
spam,Hi 07734396839 IBH Customer Loyalty Offer: The NEW NOKIA6600 Mobile from ONLY £10 at TXTAUCTION!Txt word:START to No:81151 & get Yours Now!4T&
ham,Well welp is sort of a semiobscure internet thing
ham,It should take about  &lt;#&gt;  min
spam,Congratulations ur awarded 500 of CD vouchers or 125gift guaranteed & Free entry 2 100 wkly draw txt MUSIC to 87066 TnCs www.Ldew.com1win150ppmx3age16
ham,Are you this much buzy
ham,Erm. I thought the contract ran out the4th of october.
spam,Join the UK's horniest Dogging service and u can have sex 2nite!. Just sign up and follow the instructions. Txt ENTRY to 69888 now! Nyt.EC2A.3LP.msg@150p
ham,I will reach ur home in  &lt;#&gt;  minutes
ham,"A boy was late 2 home. His father: ""POWER OF FRNDSHIP"""
ham,From someone not to smoke when every time I've smoked in the last two weeks is because of you calling or texting me that you wanted to smoke
ham,Hi good mornin.. Thanku wish u d same..
ham,Did u find a sitter for kaitlyn? I was sick and slept all day yesterday.
ham,"I got another job! The one at the hospital doing data analysis or something, starts on monday! Not sure when my thesis will got finished"
spam,"Update_Now - Xmas Offer! Latest Motorola, SonyEricsson & Nokia & FREE Bluetooth! Double Mins & 1000 Txt on Orange. Call MobileUpd8 on 08000839402 or call2optout/F4Q="
ham,Check mail.i have mailed varma and kept copy to you regarding membership.take care.insha allah.
ham,Yeah whatever lol
ham,"No, its true..k,Do u knw dis no. &lt;#&gt; ?"
ham,Oh :-)only 4 outside players allowed to play know
ham,Where u been hiding stranger?
ham,Ok can...
spam,"URGENT! Your mobile No *********** WON a £2,000 Bonus Caller Prize on 02/06/03! This is the 2nd attempt to reach YOU! Call 09066362220 ASAP! BOX97N7QP, 150ppm"
ham,Ok...
ham,Otherwise had part time job na-tuition..
ham,We can go 4 e normal pilates after our intro...  
ham,Now thats going to ruin your thesis!
ham,Thank u. IT BETTER WORK OUT CAUSE I WILL FEEL USED OTHERWISE
spam,Free Top ringtone -sub to weekly ringtone-get 1st week free-send SUBPOLY to 81618-?3 per week-stop sms-08718727870
ham,"SYMPTOMS when U are in love: ""1.U like listening songs 2.U get stopped where u see the name of your beloved 3.U won't get angry when your"
ham,Hows the champ just leaving glasgow!
ham,Have a nice day my dear.
ham,Hmm .. Bits and pieces lol ... *sighs* ...
spam,We tried to contact you re your reply to our offer of a Video Handset? 750 anytime any networks mins? UNLIMITED TEXT? Camcorder? Reply or call 08000930705 NOW
ham,How are you. Wish you a great semester
ham,I dont have any of your file in my bag..i was in work when you called me.i 'll tell you if i find anything in my room.
spam,22 days to kick off! For Euro2004 U will be kept up to date with the latest news and results daily. To be removed send GET TXT STOP to 83222
ham,Yes when is the appt again?
ham,K I'll call you when I'm close
spam,Sorry! U can not unsubscribe yet. THE MOB offer package has a min term of 54 weeks> pls resubmit request after expiry. Reply THEMOB HELP 4 more info
ham,Is that on the telly? No its Brdget Jones!
ham,"I'll see, but prolly yeah"
ham,Yup he msg me: is tat yijue? Then i tot it's my group mate cos we meeting today mah... I'm askin if ü leaving earlier or wat mah cos mayb ü haf to walk v far...
ham,So u gonna get deus ex?
spam,"YOU VE WON! Your 4* Costa Del Sol Holiday or £5000 await collection. Call 09050090044 Now toClaim. SAE, TC s, POBox334, Stockport, SK38xh, Cost£1.50/pm, Max10mins"
ham,Dear good morning now only i am up
spam,<Forwarded from 21870000>Hi - this is your Mailbox Messaging SMS alert. You have 40 matches. Please call back on 09056242159 to retrieve your messages and matches cc100p/min
ham,"Watching cartoon, listening music &amp; at eve had to go temple &amp; church.. What about u?"
ham,Yup next stop.
ham,I know girls always safe and selfish know i got it pa. Thank you. good night.
ham,Nite nite pocay wocay luv u more than n e thing 4eva I promise ring u 2morrowxxxx
ham,"I dont knw pa, i just drink milk.."
ham,Thank you. I like you as well...
ham,(You didn't hear it from me)
ham,Prabha..i'm soryda..realy..frm heart i'm sory
spam,Call Germany for only 1 pence per minute! Call from a fixed line via access number 0844 861 85 85. No prepayment. Direct access!
ham,Hey... are you going to quit soon? Xuhui and i working till end of the month 
ham,What about this one then.
ham,For fear of fainting with the of all that housework you just did? Quick have a cuppa
spam,"As a valued customer, I am pleased to advise you that following recent review of your Mob No. you are awarded with a £1500 Bonus Prize, call 09066368470"
ham,"Gud gud..k, chikku tke care.. sleep well gud nyt"
ham,if you aren't here in the next  &lt;#&gt;  hours imma flip my shit
ham,Bull. Your plan was to go floating off to IKEA with me without a care in the world. So i have to live with your mess another day.
ham,"Do 1 thing! Change that sentence into: ""Because i want 2 concentrate in my educational career im leaving here.."""
ham,Nutter. Cutter. Ctter. Cttergg. Cttargg. Ctargg. Ctagg. ie you
spam,Do you want a New Nokia 3510i colour phone DeliveredTomorrow? With 300 free minutes to any mobile + 100 free texts + Free Camcorder reply or call 08000930705
ham,"I think I‘m waiting for the same bus! Inform me when you get there, if you ever get there."
ham,Carlos says we can pick up from him later so yeah we're set
ham,You do what all you like
ham,That's one of the issues but california is okay. No snow so its manageable
ham,"7 wonders in My WORLD 7th You 6th Ur style 5th Ur smile 4th Ur Personality 3rd Ur Nature 2nd Ur SMS and 1st ""Ur Lovely Friendship""... good morning dear"
ham,Hey happy birthday...
spam,HMV BONUS SPECIAL 500 pounds of genuine HMV vouchers to be won. Just answer 4 easy questions. Play Now! Send HMV to 86688 More info:www.100percent-real.com
ham,Sorry de i went to shop.
spam,Free Msg: Ringtone!From: http://tms. widelive.com/index. wml?id=1b6a5ecef91ff9*37819&first=true18:0430-JUL-05
ham,Sen told that he is going to join his uncle finance in cbe
spam,"You have won ?1,000 cash or a ?2,000 prize! To claim, call09050000327"
ham,No calls..messages..missed calls
ham,Heart is empty without love.. Mind is empty without wisdom.. Eyes r empty without dreams &amp; Life is empty without frnds.. So Alwys Be In Touch. Good night &amp; sweet dreams
ham,I love to give massages. I use lots of baby oil... What is your fave position?
ham,SORRY IM STIL FUCKED AFTER LAST NITE WENT TOBED AT 430 GOT UP 4 WORK AT 630
spam,"TheMob>Hit the link to get a premium Pink Panther game, the new no. 1 from Sugababes, a crazy Zebra animation or a badass Hoody wallpaper-all 4 FREE!"
ham,"Sorry,in meeting I'll call later"
ham,Hurt me... Tease me... Make me cry... But in the end of my life when i die plz keep one rose on my grave and say STUPID I MISS U.. HAVE A NICE DAY BSLVYL
ham,hows my favourite person today? r u workin hard? couldn't sleep again last nite nearly rang u at 4.30
ham,Wish u many many returns of the day.. Happy birthday vikky..
spam,We tried to call you re your reply to our sms for a video mobile 750 mins UNLIMITED TEXT + free camcorder Reply of call 08000930705 Now
spam,A £400 XMAS REWARD IS WAITING FOR YOU! Our computer has randomly picked you from our loyal mobile customers to receive a £400 reward. Just call 09066380611 
ham,O shore are you takin the bus
ham,"Come around  &lt;DECIMAL&gt; pm vikky..i'm otside nw, il come by tht time"
ham,All was well until slightly disastrous class this pm with my fav darlings! Hope day off ok. Coffee wld be good as can't stay late tomorrow. Same time + place as always?
ham,MMM ... Fuck .... Merry Christmas to me
ham,Ok... Ur typical reply...
ham,"Did I forget to tell you ? I want you , I need you, I crave you ... But most of all ... I love you my sweet Arabian steed ... Mmmmmm ... Yummy"
ham,"Yes, princess. Are you going to make me moan?"
spam,"U've been selected to stay in 1 of 250 top British hotels - FOR NOTHING! Holiday valued at £350! Dial 08712300220 to claim - National Rate Call. Bx526, SW73SS"
ham,"How long has it been since you screamed, princess?"
ham,R u here yet? I'm wearing blue shirt n black pants.
spam,"Had your contract mobile 11 Mnths? Latest Motorola, Nokia etc. all FREE! Double Mins & Text on Orange tariffs. TEXT YES for callback, no to remove from records."
ham,Just now saw your message.it k da:)
ham,"Got fujitsu, ibm, hp, toshiba... Got a lot of model how to say..."
ham,"What's up bruv, hope you had a great break. Do have a rewarding semester."
ham,Oh...i asked for fun. Haha...take care. ü
ham,Not thought bout it... || Drink in tap & spile at seven. || Is that pub on gas st off broad st by canal. || Ok?
spam,Please call Amanda with regard to renewing or upgrading your current T-Mobile handset free of charge. Offer ends today. Tel 0845 021 3680 subject to T's and C's
ham,Do you like Italian food?
ham,Im on gloucesterroad what are uup to later?
ham,No. She's currently in scotland for that.
spam,500 free text msgs. Just text ok to 80488 and we'll credit your account
ham,Was playng 9 doors game and gt racing on phone lol
ham,"Do you know why god created gap between your fingers..? So that, One who is made for you comes &amp; fills those gaps by holding your hand with LOVE..!"
ham,The guy did some bitching but I acted like i'd be interested in buying something else next week and he gave it to us for free
spam,Do you want a New Nokia 3510i colour phone DeliveredTomorrow? With 300 free minutes to any mobile + 100 free texts + Free Camcorder reply or call 08000930705.
spam,URGENT! We are trying to contact U. Todays draw shows that you have won a £800 prize GUARANTEED. Call 09050001808 from land line. Claim M95. Valid12hrs only
ham,Anything...
ham,So the sun is anti sleep medicine.
ham,K.:)you are the only girl waiting in reception ah?
ham,Left dessert. U wan me 2 go suntec look 4 u?
ham,Good afternoon my boytoy. How goes that walking here and there day ? Did you get that police abstract? Are you still out and about? I wake and miss you babe
spam,Congratulations ur awarded either £500 of CD gift vouchers & Free entry 2 our £100 weekly draw txt MUSIC to 87066 TnCs www.Ldew.com1win150ppmx3age16
ham,Nice.nice.how is it working?
ham,Would really appreciate if you call me. Just need someone to talk to.
ham,"I've not called you in a while. This is hoping it was l8r malaria and that you know that we miss you guys. I miss Bani big, so pls give her my love especially. Have a great day."
ham,Gud ni8.swt drms.take care
ham,I AM AT A PARTY WITH ALEX NICHOLS
ham,"Hello, my love ! How went your day ? Are you alright ? I think of you, my sweet and send a jolt to your heart to remind you ... I LOVE YOU! Can you hear it ? I screamed it across the sea for all the world to hear. Ahmad al Hallaq is loved ! and owned ! *possessive passionate kiss*"
ham,NO GIFTS!! You trying to get me to throw myself off a cliff or something?
ham,How come she can get it? Should b quite diff to guess rite...
ham,"Erm … ill pick you up at about 6.45pm. That'll give enough time to get there, park and that."
ham,alright tyler's got a minor crisis and has to be home sooner than he thought so be here asap
ham,And you! Will expect you whenever you text! Hope all goes well tomo 
ham,Lol ok ill try to send. Be warned Sprint is dead slow. You'll prolly get it tomorrow
ham,Take something for pain. If it moves however to any side in the next 6hrs see a doctor.
ham,Easy ah?sen got selected means its good..
ham,I tot u reach liao. He said t-shirt.
ham,Wot about on wed nite I am 3 then but only til 9!
ham,Hope youre not having too much fun without me!! see u tomorrow love jess x
ham,Your opinion about me? 1. Over 2. Jada 3. Kusruthi 4. Lovable 5. Silent 6. Spl character 7. Not matured 8. Stylish 9. Simple Pls reply..
ham,Hi ....My engagement has been fixd on  &lt;#&gt; th of next month. I know its really shocking bt....hmm njan vilikkam....t ws al of a sudn;-(.
ham,"A Boy loved a gal. He propsd bt she didnt mind. He gv lv lttrs, Bt her frnds threw thm. Again d boy decided 2 aproach d gal , dt time a truck was speeding towards d gal. Wn it was about 2 hit d girl,d boy ran like hell n saved her. She asked 'hw cn u run so fast?' D boy replied ""Boost is d secret of my energy"" n instantly d girl shouted ""our energy"" n Thy lived happily 2gthr drinking boost evrydy Moral of d story:- I hv free msgs:D;): gud ni8"
ham,Doing project w frens lor. 
ham,Yar lor... How u noe? U used dat route too?
ham,I'm at home n ready...
spam,YOU ARE CHOSEN TO RECEIVE A £350 AWARD! Pls call claim number 09066364311 to collect your award which you are selected to receive as a valued mobile customer.
ham,Unless it's a situation where YOU GO GURL would be more appropriate
ham,Cab is available.they pick up and drop at door steps.
ham,I've told him that i've returned it. That should i re order it.
ham,No message..no responce..what happend?
ham,hanks lotsly!
ham,U should have made an appointment
ham,Do you know when the result.
ham,We still on for tonight?
ham,But we havent got da topic yet rite?
ham,For me the love should start with attraction.i should feel that I need her every time around me.she should be the first thing which comes in my thoughts.I would start the day and end it with her.she should be there every time I dream.love will be then when my every breath has her name.my life should happen around her.my life will be named to her.I would cry for her.will give all my happiness and take all her sorrows.I will be ready to fight with anyone for her.I will be in love when I will be doing the craziest things for her.love will be when I don't have to proove anyone that my girl is the most beautiful lady on the whole planet.I will always be singing praises for her.love will be when I start up making chicken curry and end up makiing sambar.life will be the most beautiful then.will get every morning and thank god for the day because she is with me.I would like to say a lot..will tell later..
ham,"Ok that would b lovely, if u r sure. Think about wot u want to do, drinkin, dancin, eatin, cinema, in, out, about... Up to u! Wot about ? "
ham,Havent.
ham,Yeah right! I'll bring my tape measure fri!
ham,"K, my roommate also wants a dubsack and another friend may also want some so plan on bringing extra, I'll tell you when they know for sure"
ham,"I'll see if I can swing by in a bit, got some things to take care of here firsg"
ham,Babe !!!! I LOVE YOU !!!! *covers your face in kisses*
ham,Ha... Both of us doing e same thing. But i got tv 2 watch. U can thk of where 2 go tonight or u already haf smth in mind...
ham,G.W.R
ham,He's just gonna worry for nothing. And he won't give you money its no use.
ham,In the end she might still vomit but its okay. Not everything will come out.
ham,I think that tantrum's finished so yeah I'll be by at some point
ham,Have you been practising your curtsey?
ham,I can make lasagna for you... vodka...
ham,I.ll hand her my phone to chat wit u
spam,"ou are guaranteed the latest Nokia Phone, a 40GB iPod MP3 player or a £500 prize! Txt word: COLLECT to No: 83355! IBHltd LdnW15H 150p/Mtmsgrcvd18"
ham,I think chennai well settled?
ham,"Haha awesome, I might need to take you up on that, what you doin tonight?"
ham,Gd luck 4 ur exams :-)
ham,That means get the door
spam,U have won a nokia 6230 plus a free digital camera. This is what u get when u win our FREE auction. To take part send NOKIA to 83383 now. POBOX114/14TCR/W1 16
ham,But your brother transfered only  &lt;#&gt;  +  &lt;#&gt; . Pa.
ham,Me too! Have a lovely night xxx
ham,"My life Means a lot to me, Not because I love my life, But because I love the people in my life, The world calls them friends, I call them my World:-).. Ge:-).."
ham,"So many people seems to be special at first sight, But only very few will remain special to you till your last sight.. Maintain them till life ends.. take cr da"
ham,"YEH I AM DEF UP4 SOMETHING SAT,JUST GOT PAYED2DAY & I HAVBEEN GIVEN A£50 PAY RISE 4MY WORK & HAVEBEEN MADE PRESCHOOLCO-ORDINATOR 2I AM FEELINGOOD LUV"
ham,Hello which the site to download songs its urgent pls
ham,They will pick up and drop in car.so no problem..
ham,There r many model..sony ericson also der.. &lt;#&gt; ..it luks good bt i forgot modl no
ham,"I'm outside islands, head towards hard rock and you'll run into me"
ham,How much u trying to get?
spam,"Someone has contacted our dating service and entered your phone becausethey fancy you! To find out who it is call from a landline 09058098002. PoBox1, W14RG 150p"
ham,TaKe CaRE n gET WeLL sOOn
ham,Wot u up 2 u weirdo?
ham,Feel like trying kadeem again? :V
spam,New TEXTBUDDY Chat 2 horny guys in ur area 4 just 25p Free 2 receive Search postcode or at gaytextbuddy.com. TXT ONE name to 89693. 08715500022 rpl Stop 2 cnl
ham,Its a part of checking IQ
ham,Babe ? I lost you ... :-(
ham,Just woke up. Yeesh its late. But I didn't fall asleep til &lt;#&gt; am :/
spam,EASTENDERS TV Quiz. What FLOWER does DOT compare herself to? D= VIOLET E= TULIP F= LILY txt D E or F to 84025 NOW 4 chance 2 WIN £100 Cash WKENT/150P16+
ham,I want  &lt;#&gt;  rs da:)do you have it?
spam,U are subscribed to the best Mobile Content Service in the UK for £3 per ten days until you send STOP to 83435. Helpline 08706091795.
ham,"Wat time liao, where still got."
ham,I see the letter B on my car
ham,I'm working technical support :)voice process.networking field.
ham,LOL what happens in Vegas stays in vegas
spam,You have won a Nokia 7250i. This is what you get when you win our FREE auction. To take part send Nokia to 86021 now. HG/Suite342/2Lands Row/W1JHL 16+ 
ham,Lol! Oops sorry! Have fun. 
ham,No. I.ll meet you in the library
ham,"When I was born, GOD said, ""Oh No! Another IDIOT"". When you were born, GOD said, ""OH No! COMPETITION"". Who knew, one day these two will become FREINDS FOREVER!"
ham,Unfortunately i've just found out that we have to pick my sister up from the airport that evening so don't think i'll be going out at all. We should try to go out one of th
ham,"Awesome, be there in a minute"
ham,That's significant but dont worry.
ham,"If e timing can, then i go w u lor..."
ham,"Do you know why god created gap between your fingers..? So that, One who is made for you comes &amp; fills those gaps by holding your hand with LOVE..!"
ham,Tomorrow i am not going to theatre. . . So i can come wherever u call me. . . Tell me where and when to come tomorrow
spam,From next month get upto 50% More Calls 4 Ur standard network charge 2 activate Call 9061100010 C Wire3.net 1st4Terms PoBox84 M26 3UZ Cost £1.50 min MobcudB more
ham,There are no other charges after transfer charges and you can withdraw anyhow you like
ham,"Good afternoon, my love ... How goes your day ? How did you sleep ? I hope your well, my boytoy ... I think of you ..."
ham,Its sunny in california. The weather's just cool
ham,Hi darlin i cantdo anythingtomorrow as myparents aretaking me outfor a meal. when are u free? Katexxx
ham,Same as u... Dun wan... Y u dun like me already ah... Wat u doing now? Still eating?
ham,"A famous quote : when you develop the ability to listen to 'anything' unconditionally without losing your temper or self confidence, it means you are ......... 'MARRIED'"
ham,Host-based IDPS for linux systems.
spam,"UpgrdCentre Orange customer, you may now claim your FREE CAMERA PHONE upgrade for your loyalty. Call now on 0207 153 9153. Offer ends 26th July. T&C's apply. Opt-out available"
ham,LOL ... No just was busy
spam,XMAS Prize draws! We are trying to contact U. Todays draw shows that you have won a £2000 prize GUARANTEED. Call 09058094565 from land line. Valid 12hrs only
ham,I know you are serving. I mean what are you doing now.
ham,THANX 4 PUTTIN DA FONE DOWN ON ME!!
ham,Hey i'm bored... So i'm thinking of u... So wat r u doing?
ham,At 7 we will go ok na.
ham,Yeah we do totes. When u wanna?
spam,"Sppok up ur mob with a Halloween collection of nokia logo&pic message plus a FREE eerie tone, txt CARD SPOOK to 8007"
ham,"Geeee ... I miss you already, you know ? Your all I can think about. Fuck, I can't wait till next year when we will be together ... *loving kiss*"
ham,Detroit. The home of snow. Enjoy it.
ham,Lol or I could just starve and lose a pound by the end of the day.
ham,I'm hungry buy smth home...
ham,Aight ill get on fb in a couple minutes
ham,Ü v ma fan...
ham,So li hai... Me bored now da lecturer repeating last weeks stuff waste time... 
ham,Can not use foreign stamps in this country. Good lecture .
ham,Da is good good player.why he is unsold.
ham,So no messages. Had food?
ham,You will be in the place of that man
ham,"Sorry man, my stash ran dry last night and I can't pick up more until sunday"
ham,A little. Meds say take once every 8 hours. It's only been 5 but pain is back. So I took another. Hope I don't die
ham,Ok pa. Nothing problem:-)
ham,Don't fret. I'll buy the ovulation test strips and send them to you. You wont get them til like march. Can you send me your postal address.u'll be alright.Okay.
ham,Why nothing. Ok anyway give me treat
ham,Please ask mummy to call father
spam,Santa calling! Would your little ones like a call from Santa Xmas Eve? Call 09077818151 to book you time. Calls1.50ppm last 3mins 30s T&C www.santacalling.com
ham,No. On the way home. So if not for the long dry spell the season would have been over
spam,PRIVATE! Your 2003 Account Statement for shows 800 un-redeemed S.I.M. points. Call 08715203685 Identifier Code:4xx26 Expires 13/10/04
ham,"Camera quite good, 10.1mega pixels, 3optical and 5digital dooms. Have a lovely holiday, be safe and i hope you hav a good journey! Happy new year to you both! See you in a couple of weeks! "
ham,Yeah I can still give you a ride
ham,Ok. Very good. Its all about making that money.
ham,ITS A LAPTOP TAKE IT WITH YOU.
ham,Life style garments account no please.
ham,Dunno da next show aft 6 is 850. Toa payoh got 650.
ham,I don't run away frm u... I walk slowly &amp; it kills me that u don't care enough to stop me...
ham,Sure! I am driving but will reach my destination soon.
ham,Anything lar then ü not going home 4 dinner?
ham,The hair cream has not been shipped.
ham,Have your lunch and come quickly and open the door:)
ham,"Haha figures, well I found the piece and priscilla's bowl"
ham,Lol I would but my mom would have a fit and tell the whole family how crazy and terrible I am
ham,Are you angry with me. What happen dear
ham,Lol its ok I didn't remember til last nite
spam,ASKED 3MOBILE IF 0870 CHATLINES INCLU IN FREE MINS. INDIA CUST SERVs SED YES. L8ER GOT MEGA BILL. 3 DONT GIV A SHIT. BAILIFF DUE IN DAYS. I O £250 3 WANT £800
ham,I'm at bruce &amp; fowler now but I'm in my mom's car so I can't park (long story)
spam,"YOUR CHANCE TO BE ON A REALITY FANTASY SHOW call now = 08707509020 Just 20p per min NTT Ltd, PO Box 1327 Croydon CR9 5WB 0870 is a national = rate call"
ham,"Best line said in Love: . ""I will wait till the day I can forget u Or The day u realize that u cannot forget me.""... Gn"
ham,Aiyar dun disturb u liao... Thk u have lots 2 do aft ur cupboard come...
ham,Is that what time you want me to come?
ham,Finally the match heading towards draw as your prediction.
ham,Thanks for understanding. I've been trying to tell sura that.
ham,"Merry Christmas to you too babe, i love ya *kisses*"
ham,Where you. What happen
ham,My love ... I hope your not doing anything drastic. Don't you dare sell your pc or your phone ...
ham,Beautiful truth : Expression of the face could Be seen by everyone... But the depression of heart Could be understood only By the Loved ones.. Gud Ni8;-)
ham,U having lunch alone? I now so bored...
ham,Ok i msg u b4 i leave my house.
ham,"its cool but tyler had to take off so we're gonna buy for him and drop it off at his place later tonight. Our total order is a quarter, you got enough?"
spam,Check Out Choose Your Babe Videos @ sms.shsex.netUN fgkslpoPW fgkslpo
ham,"Evening * v good if somewhat event laden. Will fill you in, don't you worry … Head * ok but throat * wrecked. See you at six then!"
ham,Aiyo cos i sms ü then ü neva reply so i wait 4 ü to reply lar. I tot ü havent finish ur lab wat.
ham,Howz that persons story
ham,"Dont pack what you can buy at any store.like cereals. If you must pack food, pack gari or something 9ja that you will miss."
ham,"Oh, my love, it's soooo good to hear from you. Omg I missed you so much today. I'm sorry your having problems with the provider but thank you for tming me"
spam,Cashbin.co.uk (Get lots of cash this weekend!) www.cashbin.co.uk Dear Welcome to the weekend We have got our biggest and best EVER cash give away!! These..
ham,U horrible gal... U knew dat i was going out wif him yest n u still come n ask me...
spam,Jamster! To get your free wallpaper text HEART to 88888 now! T&C apply. 16 only. Need Help? Call 08701213186.
ham,Thanks for this hope you had a good day today
ham,What was she looking for?
ham,"fyi I'm at usf now, swing by the room whenever"
ham,Carlos is taking his sweet time as usual so let me know when you and patty are done/want to smoke and I'll tell him to haul ass
ham,"Oh... Haha... Den we shld had went today too... Gee, nvm la... Kaiez, i dun mind goin jazz oso... Scared hiphop open cant catch up... "
ham,"Not yet chikku..going to room nw, i'm in bus.."
ham,"Jay wants to work out first, how's 4 sound?"
ham,yes baby! I need to stretch open your pussy!
ham,That sucks. I'll go over so u can do my hair. You'll do it free right?
ham,Hmm ill have to think about it... ok you're forgiven! =D
ham,Except theres a chick with huge boobs.
ham,Ugh fuck it I'm resubbing to eve
ham,I'm coming back on Thursday. Yay. Is it gonna be ok to get the money. Cheers. Oh yeah and how are you. Everything alright. Hows school. Or do you call it work now
ham,"You might want to pull out more just in case and just plan on not spending it if you can, I don't have much confidence in derek and taylor's money management"
ham,Oh god..taken the teeth?is it paining
ham,Love it! The girls at the office may wonder why you are smiling but sore...
spam,Call from 08702490080 - tells u 2 call 09066358152 to claim £5000 prize. U have 2 enter all ur mobile & personal details @ the prompts. Careful!
ham,I cant keep talking to people if am not sure i can pay them if they agree to price. So pls tell me what you want to really buy and how much you are willing to pay
ham,"Bloody hell, cant believe you forgot my surname Mr . Ill give u a clue, its spanish and begins with m... "
ham,"Ela kano.,il download, come wen ur free.."
ham,I can take you at like noon
ham,Ok then i'll let him noe later n ask him call u tmr...
spam,Do you want a New Nokia 3510i Colour Phone Delivered Tomorrow? With 200 FREE minutes to any mobile + 100 FREE text + FREE camcorder Reply or Call 08000930705
ham,"I can probably come by, everybody's done around  &lt;#&gt;  right?"
ham,Well keep in mind I've only got enough gas for one more round trip barring a sudden influx of cash
ham,"What do you do, my dog ? Must I always wait till the end of your day to have word from you ? Did you run out of time on your cell already?"
spam,"URGENT. Important information for 02 user. Today is your lucky day! 2 find out why , log onto http://www.urawinner.com there is a fantastic surprise awaiting you !"
ham,I sent them. Do you like?
spam,"XXXMobileMovieClub: To use your credit, click the WAP link in the next txt message or click here>> http://wap. xxxmobilemovieclub.com?n=QJKGIGHJJGCBL"
ham,"Got ur mail Dileep.thank you so muchand look forward to lots of support...very less contacts here,remember one venugopal you mentioned.tomorrow if not late,i shall try to come up till there.goodnight dear."
ham,Both :) i shoot big loads so get ready!
ham,"Idk. You keep saying that you're not, but since he moved, we keep butting heads over freedom vs. responsibility. And i'm tired. I have so much other shit to deal with that i'm barely keeping myself together once this gets added to it."
ham,My sis is catching e show in e afternoon so i'm not watching w her. So c u wan 2 watch today or tmr lor.
ham,I got it before the new year cos yetunde said she wanted to surprise you with it but when i didnt see money i returned it mid january before the  &lt;#&gt; day return period ended.
ham,I couldn't say no as he is a dying man and I feel sad for him so I will go and I just wanted you to know I would probably be gone late into your night
ham,"Fighting with the world is easy, u either win or lose bt fightng with some1 who is close to u is dificult if u lose - u lose if u win - u still lose."
ham,Ugh its been a long day. I'm exhausted. Just want to cuddle up and take a nap
ham,Get down in gandhipuram and walk to cross cut road. Right side &lt;#&gt; street road and turn at first right.
ham,BOO BABE! U ENJOYIN YOURJOB? U SEEMED 2 B GETTIN ON WELL HUNNY!HOPE URE OK?TAKE CARE & ILLSPEAK 2U SOONLOTS OF LOVEME XXXX.
spam,18 days to Euro2004 kickoff! U will be kept informed of all the latest news and results daily. Unsubscribe send GET EURO STOP to 83222.
ham,"Tell you what, if you make a little spreadsheet and track whose idea it was to smoke to determine who ""smokes too much"" for the entire month of february, I'll come up"
ham,What type of stuff do you sing?
ham,LOL ... Have you made plans for new years?
ham,U still painting ur wall?
ham,Havent planning to buy later. I check already lido only got 530 show in e afternoon. U finish work already?
ham,Dont know supports ass and srt i thnk. I think ps3 can play through usb too
ham,"Sorry, I'll call later"
ham,"K give me a sec, breaking a  &lt;#&gt;  at cstore"
ham,You in your room? I need a few
ham,The battery is for mr adewale my uncle. Aka Egbon
ham,Are there TA jobs available? Let me know please cos i really need to start working
ham,Hello darlin ive finished college now so txt me when u finish if u can love Kate xxx
spam,"You are being contacted by our Dating Service by someone you know! To find out who it is, call from your mobile or landline 09064017305 PoBox75LDNS7 "
ham,I doubt you could handle 5 times per night in any case...
ham,Ok...
ham,Lol yeah at this point I guess not
ham,K actually can you guys meet me at the sunoco on howard? It should be right on the way
ham,"Gumby's has a special where a  &lt;#&gt; "" cheese pizza is $2 so I know what we're doin tonight"
ham,Dont think you need yellow card for uk travel. Ask someone that has gone before. If you do its just  &lt;#&gt; bucks
ham,"The affidavit says  &lt;#&gt;  E Twiggs St, division g, courtroom  &lt;#&gt; , &lt;TIME&gt;  AM. I'll double check and text you again tomorrow"
ham,Uncle Abbey! Happy New Year. Abiola
ham,Were somewhere on Fredericksburg
ham,"Japanese Proverb: If one Can do it, U too Can do it, If none Can do it,U must do it Indian version: If one Can do it, LET HIM DO it.. If none Can do it,LEAVE it!! And finally Kerala version: If one can do it, Stop him doing it.. If none can do it, Make a strike against it ..."
spam,FROM 88066 LOST £12 HELP
ham,Going thru a very different feeling.wavering decisions and coping up with the same is the same individual.time will heal everything i believe.
ham,Okie but i scared u say i fat... Then u dun wan me already...
ham,Hope you are having a good week. Just checking in
ham,Haf u found him? I feel so stupid da v cam was working.
ham,OK i'm waliking ard now... Do u wan me 2 buy anything go ur house?
spam,"Congrats! 1 year special cinema pass for 2 is yours. call 09061209465 now! C Suprman V, Matrix3, StarWars3, etc all 4 FREE! bx420-ip4-5we. 150pm. Dont miss out!"
ham,Have you had a good day? Mine was really busy are you up to much tomorrow night?
ham,"Somewhr someone is surely made 4 u. And God has decided a perfect time to make u meet dat person. . . . till den, . . . . . Enjoy ur crushes..!!!;-)"
ham,Great escape. I fancy the bridge but needs her lager. See you tomo 
ham,Lol now I'm after that hot air balloon!
ham,Baaaaaaaabe! Wake up ! I miss you ! I crave you! I need you!
ham,Mm so you asked me not to call radio
ham,Hiya. How was last night? I've been naughty and bought myself clothes and very little ... Ready for more shopping tho! What kind of time do you wanna meet?
ham,That's necessarily respectful
ham,I want to tell you how bad I feel that basically the only times I text you lately are when I need drugs
ham,I am going to sao mu today. Will be done only at 12 
ham,Orh i tot u say she now still dun believe.
ham,As per your request 'Maangalyam (Alaipayuthe)' has been set as your callertune for all Callers. Press *9 to copy your friends Callertune
ham,No did you check? I got his detailed message now
ham,"Hey , is * rite u put »10 evey mnth is that all?"
ham,"You are everywhere dirt, on the floor, the windows, even on my shirt. And sometimes when i open my mouth, you are all that comes flowing out. I dream of my world without you, then half my chores are out too. A time of joy for me, lots of tv shows i.ll see. But i guess like all things you just must exist, like rain, hail and mist, and when my time here is done, you and i become one."
ham,All e best 4 ur exam later.
ham,"Ya, i'm referin to mei's ex wat... No ah, waitin 4 u to treat, somebody shld b rich liao...So gd, den u dun have to work frm tmr onwards..."
spam,Urgent Ur £500 guaranteed award is still unclaimed! Call 09066368327 NOW closingdate04/09/02 claimcode M39M51 £1.50pmmorefrommobile2Bremoved-MobyPOBox734LS27YF
ham,"K, I might come by tonight then if my class lets out early"
ham,All these nice new shirts and the only thing I can wear them to is nudist themed ;_; you in mu?
ham,En chikku nange bakra msg kalstiya..then had tea/coffee?
spam,Marvel Mobile Play the official Ultimate Spider-man game (£4.50) on ur mobile right now. Text SPIDER to 83338 for the game & we ll send u a FREE 8Ball wallpaper
ham,Just got to  &lt;#&gt;
ham,Fine am simply sitting.
ham,You are a very very very very bad girl. Or lady.
ham,"Aight, let me know when you're gonna be around usf"
ham,I am taking half day leave bec i am not well
ham,LOL that would be awesome payback.
ham,S.s:)i thinl role is like sachin.just standing. Others have to hit.
ham,"It's cool, let me know before it kicks off around  &lt;#&gt; , I'll be out and about all day"
ham,"Alright, I'll head out in a few minutes, text me where to meet you"
ham,"Yes obviously, but you are the eggs-pert and the potato head… Speak soon! "
spam,YOU ARE CHOSEN TO RECEIVE A £350 AWARD! Pls call claim number 09066364311 to collect your award which you are selected to receive as a valued mobile customer.
ham,"1) Go to write msg 2) Put on Dictionary mode 3)Cover the screen with hand, 4)Press  &lt;#&gt; . 5)Gently remove Ur hand.. Its interesting..:)"
ham,How would my ip address test that considering my computer isn't a minecraft server
spam,U’ve Bin Awarded £50 to Play 4 Instant Cash. Call 08715203028 To Claim. EVERY 9th Player Wins Min £50-£500. OptOut 08718727870
spam,Double your mins & txts on Orange or 1/2 price linerental - Motorola and SonyEricsson with B/Tooth FREE-Nokia FREE Call MobileUpd8 on 08000839402 or2optout/HV9D
ham,Boy; I love u Grl: Hogolo Boy: gold chain kodstini Grl: Agalla Boy: necklace madstini Grl: agalla Boy: Hogli 1 mutai eerulli kodthini! Grl: I love U kano;-)
ham,Would me smoking you out help us work through this difficult time
ham,"Mmmmm ... It was sooooo good to wake to your words this morning, my Love!! Mmmm fuck ... I love you too, my Lion ... *devouring kiss from across the sea*"
ham,I not busy juz dun wan 2 go so early.. Hee.. 
ham,True dear..i sat to pray evening and felt so.so i sms'd you in some time...
ham,"K, if u bored up just come to my home.."
ham,Probably gonna swing by in a wee bit
ham,When did you get to the library
ham,I am in hospital da. . I will return home in evening
ham,Yes.. now only saw your message..
ham,I dont thnk its a wrong calling between us
ham,Oh... Okie lor...We go on sat... 
spam,"SMS. ac JSco: Energy is high, but u may not know where 2channel it. 2day ur leadership skills r strong. Psychic? Reply ANS w/question. End? Reply END JSCO"
ham,And do you have any one that can teach me how to ship cars.
ham,Can you pls send me that company name. In saibaba colany
ham,Ladies first and genus second k .
ham,You still around? Looking to pick up later
spam,Text BANNEDUK to 89555 to see! cost 150p textoperator g696ga 18+ XXX
ham,That's y we haf to combine n c how lor...
ham,HI DARLIN IM MISSIN U HOPE YOU ARE HAVING A GOOD TIME. WHEN ARE U BACK AND WHAT TIME IF U CAN GIVE ME A CALL AT HOME. JESS XX
ham,Yes i have. So that's why u texted. Pshew...missing you so much
ham,Pathaya enketa maraikara pa'
ham,"Cool, text me when you're parked"
ham,Sday only joined.so training we started today:)
ham,Thk some of em find wtc too far... Weiyi not goin... E rest i dunno yet... R ur goin 4 dinner den i might b able to join...
ham,You want to go? 
spam,URGENT! Your Mobile number has been awarded with a £2000 prize GUARANTEED. Call 09058094454 from land line. Claim 3030. Valid 12hrs only
spam,"Today's Offer! Claim ur £150 worth of discount vouchers! Text YES to 85023 now! SavaMob, member offers mobile! T Cs 08717898035. £3.00 Sub. 16 . Unsub reply X"
ham,U r too much close to my heart. If u go away i will be shattered. Plz stay with me.
ham,"Derp. Which is worse, a dude who always wants to party or a dude who files a complaint about the three drug abusers he lives with"
spam,Send a logo 2 ur lover - 2 names joined by a heart. Txt LOVE NAME1 NAME2 MOBNO eg LOVE ADAM EVE 07123456789 to 87077 Yahoo! POBox36504W45WQ TxtNO 4 no ads 150p
spam,YES! The only place in town to meet exciting adult singles is now in the UK. Txt CHAT to 86688 now! 150p/Msg.
ham,Draw va?i dont think so:)
ham,"[…] anyway, many good evenings to u! s"
spam,Ever thought about living a good life with a perfect partner? Just txt back NAME and AGE to join the mobile community. (100p/SMS)
ham,Yo! Howz u? girls never rang after india. L
ham,hi baby im sat on the bloody bus at the mo and i wont be home until about 7:30 wanna do somethin later? call me later ortxt back jess xx
ham,"The guy at the car shop who was flirting with me got my phone number from the paperwork and called and texted me. I'm nervous because of course now he may have my address. Should i call his boss and tell him, knowing this may get him fired?"
ham,"Save yourself the stress. If the person has a dorm account, just send your account details and the money will be sent to you."
ham,As if i wasn't having enough trouble sleeping.
ham,Hope you are feeling great. Pls fill me in. Abiola
ham,Cold. Dont be sad dear
ham,No da if you run that it activate the full version da.
spam,PRIVATE! Your 2003 Account Statement for shows 800 un-redeemed S. I. M. points. Call 08715203652 Identifier Code: 42810 Expires 29/10/0
ham,R u in this continent?
ham,How are you enjoying this semester? Take care brother.
ham,They did't play one day last year know even though they have very good team.. Like india.
spam,"all the lastest from Stereophonics, Marley, Dizzee Racal, Libertines and The Strokes! Win Nookii games with Flirt!! Click TheMob WAP Bookmark or text WAP to 82468"
ham,I wont get concentration dear you know you are my mind and everything :-)
ham,Ok i will tell her to stay out. Yeah its been tough but we are optimistic things will improve this month.
spam,FREE for 1st week! No1 Nokia tone 4 ur mob every week just txt NOKIA to 8007 Get txting and tell ur mates www.getzed.co.uk POBox 36504 W45WQ norm150p/tone 16+
ham,You didn't have to tell me that...now i'm thinking. Plus he's going to stop all your runs
ham,Kothi print out marandratha.
ham,For many things its an antibiotic and it can be used for chest abdomen and gynae infections even bone infections.
ham,Ultimately tor motive tui achieve korli.
ham,I only work from mon to thurs but Sat i cant leh... Booked liao... Which other day u free?
ham,IM FINE BABES AINT BEEN UP 2 MUCH THO! SAW SCARY MOVIE YEST ITS QUITE FUNNY! WANT 2MRW AFTERNOON? AT TOWN OR MALL OR SUMTHIN?xx
ham,Its worse if if uses half way then stops. Its better for him to complete it.
ham,Friends that u can stay on fb chat with
ham,If I die I want u to have all my stuffs.
ham,K..give back my thanks.
ham,GRAN ONLYFOUND OUT AFEW DAYS AGO.CUSOON HONI
ham,Ü say until like dat i dun buy ericsson oso cannot oredi lar...
ham,Hi there. We have now moved in2 our pub . Would be great 2 c u if u cud come up.
ham,I not at home now lei...
ham,Networking job is there.
ham,Enjoy urself tmr...
ham,I know you are. Can you pls open the back?
ham,But my family not responding for anything. Now am in room not went to home for diwali but no one called me and why not coming. It makes me feel like died.
spam,"Free msg. Sorry, a service you ordered from 81303 could not be delivered as you do not have sufficient credit. Please top up to receive the service."
ham,Happy New year my dear brother. I really do miss you. Just got your number and decided to send you this text wishing you only happiness. Abiola
ham,"Sorry, I'll call later"
ham,"Friendship is not a game to play, It is not a word to say, It doesn\'t start on March and ends on May, It is tomorrow, yesterday, today and e"
ham,"Ok thats cool. Its , just off either raglan rd or edward rd. Behind the cricket ground. Gimme ring when ur closeby see you tuesday."
ham,Ball is moving a lot.will spin in last :)so very difficult to bat:)
ham,Jay says that you're a double-faggot
ham,"The word ""Checkmate"" in chess comes from the Persian phrase ""Shah Maat"" which means; ""the king is dead.."" Goodmorning.. Have a good day..:)"
ham,You all ready for * big day tomorrow?
ham,I'll text now! All creepy like so he won't think that we forgot
ham,Can i get your opinion on something first?
ham,Raji..pls do me a favour. Pls convey my Birthday wishes to Nimya. Pls. Today is her birthday.
ham,Yup... I havent been there before... You want to go for the yoga? I can call up to book 
ham,"Oops - am at my mum's in somerset... Bit far! Back tomo, see you soon x"
ham,Dunno leh cant remember mayb lor. So wat time r we meeting tmr?
ham,Jesus armand really is trying to tell everybody he can find
ham,Be happy there. I will come after noon
ham,Omg how did u know what I ate?
ham,"Did you say bold, then torch later. Or one torch and 2bold?"
ham,And whenever you and i see we can still hook up too.
ham,You tell what happen dont behave like this to me. Ok no need to say
ham,Can you let me know details of fri when u find out cos I'm not in tom or fri. mentionned chinese. Thanks
ham,So when do you wanna gym?
ham,MY NO. IN LUTON 0125698789 RING ME IF UR AROUND! H*
ham,Just sleeping..and surfing
ham,Lol ... I really need to remember to eat when I'm drinking but I do appreciate you keeping me company that night babe *smiles*
ham,Merry christmas to u too annie!
ham,I've told you everything will stop. Just dont let her get dehydrated.
ham,Sorry about that this is my mates phone and i didnt write it love Kate
ham,"1) Go to write msg 2) Put on Dictionary mode 3)Cover the screen with hand, 4)Press  &lt;#&gt; . 5)Gently remove Ur hand.. Its interesting..:)"
ham,"Hello my boytoy ... Geeee I miss you already and I just woke up. I wish you were here in bed with me, cuddling me. I love you ..."
ham,Guess which pub im in? Im as happy as a pig in clover or whatever the saying is! 
ham,Am I the only one who doesn't stalk profiles?
ham,Hmm...Bad news...Hype park plaza $700 studio taken...Only left 2 bedrm-$900...
ham,So ü pay first lar... Then when is da stock comin...
ham,We left already we at orchard now.
ham,Unlimited texts. Limited minutes.
ham,"Hi, my love! How goes that day? Fuck, this morning I woke and dropped my cell on the way down the stairs but it seems alright ... *phews* I miss you !"
ham,Hey morning what you come to ask:-) pa...
spam,U have a secret admirer who is looking 2 make contact with U-find out who they R*reveal who thinks UR so special-call on 09058094565
ham,Got meh... When?
ham,"Say this slowly.? GOD,I LOVE YOU &amp; I NEED YOU,CLEAN MY HEART WITH YOUR BLOOD.Send this to Ten special people &amp; u c miracle tomorrow, do it,pls,pls do it..."
ham,Shb b ok lor... Thanx...
ham,After the drug she will be able to eat.
ham,Goin to workout lor... Muz lose e fats... 
ham,Good Morning plz call me sir
ham,Ok lor... Or u wan me go look 4 u?
ham,K..k..i'm also fine:)when will you complete the course?
ham,Ü only send me the contents page...
ham,Whens your radio show?
ham,Hope ur head doesn't hurt 2 much ! Am ploughing my way through a pile of ironing ! Staying in with a chinky tonight come round if you like.
ham,I will vote for wherever my heart guides me
ham, gonna let me know cos comes bak from holiday that day.  is coming. Don't4get2text me  number. 
spam,URGENT! Your Mobile number has been awarded with a £2000 Bonus Caller Prize. Call 09058095201 from land line. Valid 12hrs only
ham,WOT STUDENT DISCOUNT CAN U GET ON BOOKS?
ham,"Lets use it next week, princess :)"
ham,From tomorrow onwards eve 6 to 3 work.
ham,Still in the area of the restaurant. Ill try to come back soon
ham,Ok lar... Joking wif u oni...
ham,Was actually sleeping and still might when u call back. So a text is gr8. You rock sis. Will send u a text wen i wake.
spam,Sunshine Quiz Wkly Q! Win a top Sony DVD player if u know which country Liverpool played in mid week? Txt ansr to 82277. £1.50 SP:Tyrone
spam,"You are being contacted by our dating service by someone you know! To find out who it is, call from a land line 09050000928. PoBox45W2TG150P"
ham,"Babe! How goes that day ? What are you up to ? I miss you already, my Love ... * loving kiss* ... I hope everything goes well."
ham,Sounds like you have many talents! would you like to go on a dinner date next week?
spam,Our brand new mobile music service is now live. The free music player will arrive shortly. Just install on your phone to browse content from the top artists.
ham,His bday real is in april .
spam,"Your free ringtone is waiting to be collected. Simply text the password ""MIX"" to 85069 to verify. Get Usher and Britney. FML, PO Box 5249, MK17 92H. 450Ppw 16"
ham,Haha... Hope ü can hear the receipt sound... Gd luck!
spam,-PLS STOP bootydelious (32/F) is inviting you to be her friend. Reply YES-434 or NO-434 See her: www.SMS.ac/u/bootydelious STOP? Send STOP FRND to 62468
spam,You have won a guaranteed £200 award or even £1000 cashto claim UR award call free on 08000407165 (18+) 2 stop getstop on 88222 PHP
ham,Daddy will take good care of you :)
ham,Eatin my lunch...
spam,PRIVATE! Your 2003 Account Statement for <fone no> shows 800 un-redeemed S. I. M. points. Call 08715203656 Identifier Code: 42049 Expires 26/10/04
ham,Quite late lar... Ard 12 anyway i wun b drivin...
ham,Ha ha ha good joke. Girls are situation seekers.
spam,ringtoneking 84484
ham,How's it feel? Mr. Your not my real Valentine just my yo Valentine even tho u hardly play!!
ham,Not yet chikku..wat abt u?
ham,"Goodnight, sleep well da please take care pa. Please."
ham,"I'd say that's a good sign but, well, you know my track record at reading women"
ham,I'm at work. Please call
ham,I'm always on yahoo messenger now. Just send the message to me and i.ll get it you may have to send it in the mobile mode sha but i.ll get it. And will reply.
ham,We took hooch for a walk toaday and i fell over! Splat! Grazed my knees and everything! Should have stayed at home! See you tomorrow! 
ham,"SHIT BABE.. THASA BIT MESSED UP.YEH, SHE SHUDVETOLD U. DID URGRAN KNOW?NEWAY, ILLSPEAK 2 U2MORO WEN IM NOT ASLEEP..."
spam,As a registered optin subscriber ur draw 4 £100 gift voucher will be entered on receipt of a correct ans to 80062 Whats No1 in the BBC charts
ham,If you r @ home then come down within 5 min
spam,"Free entry to the gr8prizes wkly comp 4 a chance to win the latest Nokia 8800, PSP or £250 cash every wk.TXT GREAT to 80878 http//www.gr8prizes.com 08715705022"
ham,Good afternoon starshine! How's my boytoy? Does he crave me yet? Ache to fuck me ? *sips cappuccino* I miss you babe *teasing kiss*
spam,"Oh my god! I've found your number again! I'm so glad, text me back xafter this msgs cst std ntwk chg £1.50"
ham,"My life Means a lot to me, Not because I love my life, But because I love the people in my life, The world calls them friends, I call them my World:-).. Ge:-).."
ham,"Sorry, I can't text &amp; drive coherently, see you in twenty"
ham,Leave it wif me lar... Ü wan to carry meh so heavy... Is da num 98321561 familiar to ü?
ham,"What are you doing in langport? Sorry, but I'll probably be in bed by 9pm. It sucks being ill at xmas! When do you and go2sri lanka? "
ham,"Babe, I'm answering you, can't you see me ? Maybe you'd better reboot YM ... I got the photo ... It's great !"
ham,I dont thnk its a wrong calling between us
ham,Reason is if the team budget is available at last they buy the unsold players for at base rate..
spam,Save money on wedding lingerie at www.bridal.petticoatdreams.co.uk Choose from a superb selection with national delivery. Brought to you by WeddingFriend
ham,Aiyo please ü got time meh.
ham,No. Thank you. You've been wonderful
ham,I absolutely LOVE South Park! I only recently started watching the office.
ham,"Sorry,  in meeting I'll call you later"
ham,"Jay told me already, will do"
ham,U definitely need a module from e humanities dis sem izzit? U wan 2 take other modules 1st?
ham,Great. Never been better. Each day gives even more reasons to thank God
ham,Hey u still at the gym?
ham,I guess it is useless calling u 4 something important.
ham,"Only just got this message, not ignoring you. Yes, i was. Shopping that is"
ham,You are not bothering me but you have to trust my answers. Pls.
spam,FreeMsg:Feelin kinda lnly hope u like 2 keep me company! Jst got a cam moby wanna c my pic?Txt or reply DATE to 82242 Msg150p 2rcv Hlp 08712317606 stop to 82242
ham,Ok try to do week end course in coimbatore.
ham,Cancel cheyyamo?and get some money back?
ham,Where is that one day training:-)
ham,"The table's occupied, I'm waiting by the tree"
spam,8007 FREE for 1st week! No1 Nokia tone 4 ur mob every week just txt NOKIA to 8007 Get txting and tell ur mates www.getzed.co.uk POBox 36504 W4 5WQ norm 150p/tone 16+
ham,Even if he my friend he is a priest call him now
ham,"Had the money issue weigh me down but thanks to you, I can breathe easier now. I.ll make sure you dont regret it. Thanks."
ham,Aww that's the first time u said u missed me without asking if I missed u first. You DO love me! :)
ham,Do you know when dad will be back?
ham,Goodo! Yes we must speak friday - egg-potato ratio for tortilla needed! 
ham,That's my honeymoon outfit. :)
ham,Ok set let u noe e details later...
spam,85233 FREE>Ringtone!Reply REAL
ham,Oh ok wait 4 me there... My lect havent finish
ham,"Dear,Me at cherthala.in case u r coming cochin pls call bfore u start.i shall also reach accordingly.or tell me which day u r coming.tmorow i am engaged ans its holiday."
ham,Not sure I have the stomach for it ...
ham,"Ya, told..she was asking wats matter?"
ham,You have registered Sinco as Payee. Log in at icicibank.com and enter URN  &lt;#&gt;  to confirm. Beware of frauds. Do NOT share or disclose URN to anyone.
ham,You always make things bigger than they are
ham,No my mum went 2 dentist.
ham,"Nice. Wait...should you be texting right now? I'm not gonna pay your ticket, ya know!"
ham,Petey boy whereare you me and all your friendsare in theKingshead come down if you canlove Nic
ham,"Customer place, i wil cal u sir."
ham,Yes:)here tv is always available in work place..
ham,"I'm back &amp; we're packing the car now, I'll let you know if there's room"
ham,Thats cool! I am a gentleman and will treat you with dignity and respect.
ham,Senthil group company Apnt 5pm.
ham,"Oh! Shit, I thought that was your trip! Loooooool ... That just makes SO much more sense now ... *grins* and the sofa reference was ... The ""sleep on a couch"" link you sent me ... Wasn't that how you went on your trip ? Oh ... And didn't your babe go with you for that celebration with your rents?"
spam,"New Tones This week include: 1)McFly-All Ab.., 2) Sara Jorge-Shock.. 3) Will Smith-Switch.. To order follow instructions on next message"
ham,"If we hit it off, you can move in with me :)"
ham,Nope thats fine. I might have a nap tho! 
ham,I'm leaving my house now...
ham,I'm gonna say no. Sorry. I would but as normal am starting to panic about time. Sorry again! Are you seeing on Tuesday?
ham,No da. I am happy that we sit together na
ham,1Apple/Day=No Doctor. 1Tulsi Leaf/Day=No Cancer. 1Lemon/Day=No Fat. 1Cup Milk/day=No Bone Problms 3 Litres Watr/Day=No Diseases Snd ths 2 Whom U Care..:-)
ham,Horrible u eat macs eat until u forgot abt me already rite... U take so long 2 reply. I thk it's more toot than b4 so b prepared. Now wat shall i eat?
ham,Thanks for yesterday sir. You have been wonderful. Hope you enjoyed the burial. MojiBiola
ham,"I get out of class in bsn in like  &lt;#&gt;  minutes, you know where advising is?"
ham,Mind blastin.. No more Tsunamis will occur from now on.. Rajnikant stopped swimming in Indian Ocean..:-D
ham,Yes. Rent is very expensive so its the way we save.
spam,We tried to contact you re your reply to our offer of a Video Phone 750 anytime any network mins Half Price Line Rental Camcorder Reply or call 08000930705
spam,Your weekly Cool-Mob tones are ready to download !This weeks new Tones include: 1) Crazy Frog-AXEL F>>> 2) Akon-Lonely>>> 3) Black Eyed-Dont P >>>More info in n
ham,Ü dun need to pick ur gf?
spam,As a Registered Subscriber yr draw 4 a £100 gift voucher will b entered on receipt of a correct ans. When are the next olympics. Txt ans to 80062
ham,Was actually about to send you a reminder today. Have a wonderful weekend
ham,"The fact that you're cleaning shows you know why i'm upset. Your priority is constantly ""what i want to do,"" not ""what i need to do."""
ham,I went to project centre
ham,Kent vale lor... Ü wait 4 me there ar?
ham,"Yeah, probably but not sure. Ilol let u know, but personally I wuldnt bother, then again if ur goin to then I mite as well!!"
ham,To day class is there are no class.
ham,If u laugh really loud.. If u talk spontaneously.. If u dont care what others feel.. U are probably with your dear &amp; best friends.. GOODEVENING Dear..:)
ham,Will do. Have a good day
ham,Haven't heard anything and he's not answering my texts so I'm guessing he flaked. That said the jb is fantastic
ham,I dont understand your message.
ham,Then u going ikea str aft dat?
ham,"Sorry, I'll call later"
ham,Huh i cant thk of more oredi how many pages do we have?
ham,I'll probably be around mu a lot
ham,I need details about that online job.
ham,Just got up. have to be out of the room very soon. …. i hadn't put the clocks back til at 8 i shouted at everyone to get up and then realised it was 7. wahay. another hour in bed.
spam,Txt: CALL to No: 86888 & claim your reward of 3 hours talk time to use from your phone now! Subscribe6GBP/mnth inc 3hrs 16 stop?txtStop www.gamb.tv
ham,"Wa, ur openin sentence very formal... Anyway, i'm fine too, juz tt i'm eatin too much n puttin on weight...Haha... So anythin special happened?"
ham,One of the joys in lifeis waking up each daywith thoughts that somewhereSomeone cares enough tosend a warm morning greeting.. -
ham,"Happy new year to u and ur family...may this new year bring happiness , stability and tranquility to ur vibrant colourful life:):)"
ham,Yes I started to send requests to make it but pain came back so I'm back in bed. Double coins at the factory too. I gotta cash in all my nitros.
ham,Juz now havent woke up so a bit blur blur... Can? Dad went out liao... I cant cum now oso...
ham,"Good stuff, will do."
spam,Ringtone Club: Gr8 new polys direct to your mobile every week !
spam,You will recieve your tone within the next 24hrs. For Terms and conditions please see Channel U Teletext Pg 750
ham,Just checking in on you. Really do miss seeing Jeremiah. Do have a great month
ham,Thanks a lot for your wishes on my birthday. Thanks you for making my birthday truly memorable.
ham,Staff of placement training in Amrita college.
ham,Ok i shall talk to him
spam,"500 New Mobiles from 2004, MUST GO! Txt: NOKIA to No: 89545 & collect yours today!From ONLY £1 www.4-tc.biz 2optout 087187262701.50gbp/mtmsg18"
spam,"URGENT! Last weekend's draw shows that you have won £1000 cash or a Spanish holiday! CALL NOW 09050000332 to claim. T&C: RSTM, SW7 3SS. 150ppm"
ham,Wen did you get so spiritual and deep. That's great
spam,ree entry in 2 a weekly comp for a chance to win an ipod. Txt POD to 80182 to get entry (std txt rate) T&C's apply 08452810073 for details 18+
ham,Dont pick up d call when something important is There to tell. Hrishi
spam,"Urgent! call 09066350750 from your landline. Your complimentary 4* Ibiza Holiday or 10,000 cash await collection SAE T&Cs PO BOX 434 SK3 8WP 150 ppm 18+"
ham,Compliments to you. Was away from the system. How your side.
ham,K..i deleted my contact that why?
ham,Hello. They are going to the village pub at 8 so either come here or there accordingly. Ok?
spam,PRIVATE! Your 2003 Account Statement for shows 800 un-redeemed S.I.M. points. Call 08718738001 Identifier Code: 49557 Expires 26/11/04
ham,The wine is flowing and i'm i have nevering..
ham,Hey come online! Use msn... We are all there
ham,Height of recycling: Read twice- People spend time for earning money and the same money is spent for spending time!;-) Good morning.. keep smiling:-)
ham,Hey i will be really pretty late... You want to go for the lesson first? I will join you. I'm only reaching tp mrt
spam,"YOU VE WON! Your 4* Costa Del Sol Holiday or £5000 await collection. Call 09050090044 Now toClaim. SAE, TC s, POBox334, Stockport, SK38xh, Cost£1.50/pm, Max10mins"
ham,Hope this text meets you smiling. If not then let this text give you a reason to smile. Have a beautiful day.
ham,"Sorry im getting up now, feel really bad- totally rejected that kinda me thing."
ham,Yes. I come to nyc for audiitions and am trying to relocate.
spam,"You can stop further club tones by replying ""STOP MIX"" See my-tone.com/enjoy. html for terms. Club tones cost GBP4.50/week. MFL, PO Box 1146 MK45 2WT (2/3)"
spam,"Urgent! Please call 0906346330. Your ABTA complimentary 4* Spanish Holiday or £10,000 cash await collection SAE T&Cs BOX 47 PO19 2EZ 150ppm 18+"
ham,Went fast asleep dear.take care.
ham,Long time. You remember me today.
spam,Bored housewives! Chat n date now! 0871750.77.11! BT-national rate 10p/min only from landlines!
ham,I'm leaving my house now.
ham,Ü bot notes oredi... Cos i juz rem i got...
ham,A lot of this sickness thing going round. Take it easy. Hope u feel better soon. Lol
ham,Or ü go buy wif him then i meet ü later can?
spam,Congratulations U can claim 2 VIP row A Tickets 2 C Blu in concert in November or Blu gift guaranteed Call 09061104276 to claim TS&Cs www.smsco.net cost£3.75max 
ham,I wan but too early lei... Me outside now wun b home so early... Neva mind then...
ham,Sad story of a Man - Last week was my b'day. My Wife did'nt wish me. My Parents forgot n so did my Kids . I went to work. Even my Colleagues did not wish.
ham,Depends on individual lor e hair dresser say pretty but my parents say look gong. U kaypoh.. I also dunno wat she collecting.
ham,Shall i ask one thing if you dont mistake me.
ham,Or remind me in a few hrs.
ham,"Mah b, I'll pick it up tomorrow"
ham,I am going to film 2day da. At 6pm. Sorry da.
ham,How are you holding up?
ham,Okie.. Thanx..
ham,"Hey chief, can you give me a bell when you get this. Need to talk to you about this royal visit on the 1st june. "
ham,"I'm in solihull, | do you want anything?"
spam,Dear 0776xxxxxxx U've been invited to XCHAT. This is our final attempt to contact u! Txt CHAT to 86688 150p/MsgrcvdHG/Suite342/2Lands/Row/W1J6HL LDN 18yrs
ham,I'll be late...
ham,Yeah. I got a list with only u and Joanna if I'm feeling really anti social
spam,"For ur chance to win a £250 cash every wk TXT: ACTION to 80608. T's&C's www.movietrivia.tv custcare 08712405022, 1x150p/wk."
ham,For real tho this sucks. I can't even cook my whole electricity is out. And I'm hungry.
ham,"Gosh that , what a pain. Spose I better come then."
ham,"K I'm ready,  &lt;#&gt; ?"
ham,Guai... Ü shd haf seen him when he's naughty... Ü so free today? Can go jogging...
ham,Lul im gettin some juicy gossip at the hospital. Two nurses are talking about how fat they are gettin. And one thinks shes obese. Oyea.
ham,Yes! How is a pretty lady like you single?
ham,"&lt;#&gt;  is fast approaching. So, Wish u a very Happy New Year Happy Sankranti Happy republic day Happy Valentines Day Happy Shivratri Happy Ugadi Happy Fools day Happy May Day Happy Independence Day, Happy Friendship,Mother,Father,Teachers,Childrens Day, &amp; HAPPY BIRTHDAY 4 U. Happy Ganesh festival Happy Dasara Happy Diwali Happy Christmas  &lt;#&gt;  Good Mornings Afternoons, Evenings Nights. RememberI AM the first to WISHING U ALL THESE...your's Raj"
ham,Looks like u wil b getting a headstart im leaving here bout 2.30ish but if u r desperate for my company I could head in earlier-we were goin to meet in rummer.
ham,"My painful personal thought- ""I always try to keep everybody happy all the time. But nobody recognises me when i am alone"""
ham,"Abeg, make profit. But its a start. Are you using it to get sponsors for the next event?"
ham,Studying. But i.ll be free next weekend.
ham,"I'll text carlos and let you know, hang on"
ham,Future is not what we planned for tomorrow.....! it is the result of what we do today...! Do the best in present... enjoy the future.
ham,Mode men or have you left.
ham,What???? Hello wats talks email address?
ham,Ok no prob
ham,Eh den sat u book e kb liao huh...
ham,Do you know where my lab goggles went
ham,Goodmorning today i am late for  &lt;DECIMAL&gt; min.
ham,I was up all night too worrying about this appt. It's a shame we missed a girls night out with quizzes popcorn and you doing my hair.
ham,Cos daddy arranging time c wat time fetch ü mah...
spam,Great NEW Offer - DOUBLE Mins & DOUBLE Txt on best Orange tariffs AND get latest camera phones 4 FREE! Call MobileUpd8 free on 08000839402 NOW! or 2stoptxt T&Cs
ham,Can you talk with me..
ham,K:)k:)good:)study well.
ham,"Dear Hero,i am leaving to qatar tonite for an apt opportunity.pls do keep in touch at  &lt;EMAIL&gt; ,kerala"
ham,1's reach home call me.
ham,Slaaaaave ! Where are you ? Must I summon you to me all the time now ? Don't you wish to come to me on your own anymore?
ham,The 2 oz guy is being kinda flaky but one friend is interested in picking up $ &lt;#&gt;  worth tonight if possible
spam,No. 1 Nokia Tone 4 ur mob every week! Just txt NOK to 87021. 1st Tone FREE ! so get txtin now and tell ur friends. 150p/tone. 16 reply HL 4info
ham,What i told before i tell. Stupid hear after i wont tell anything to you. You dad called to my brother and spoken. Not with me.
spam,"Win the newest “Harry Potter and the Order of the Phoenix (Book 5) reply HARRY, answer 5 questions - chance to be the first among readers!"
ham,Why de. You looking good only:-)..
ham,All e best 4 ur driving tmr :-)
ham,Shall i come to get pickle
ham,"Sorry battery died, yeah I'm here"
ham,Howz pain.it will come down today.do as i said ystrday.ice and medicine.
spam,okmail: Dear Dave this is your final notice to collect your 4* Tenerife Holiday or #5000 CASH award! Call 09061743806 from landline. TCs SAE Box326 CW25WX 150ppm
ham,"Alright, see you in a bit"
ham,Nokia phone is lovly..
ham,Dunno y u ask me.
spam,"complimentary 4 STAR Ibiza Holiday or £10,000 cash needs your URGENT collection. 09066364349 NOW from Landline not to lose out! Box434SK38WP150PPM18+"
ham,I had askd u a question some hours before. Its answer
ham,Alex knows a guy who sells mids but he's down in south tampa and I don't think I could set it up before like 8
spam,"TheMob> Check out our newest selection of content, Games, Tones, Gossip, babes and sport, Keep your mobile fit and funky text WAP to 82468"
ham,"Er yeah, i will b there at 15:26, sorry! Just tell me which pub/cafe to sit in and come wen u can"
ham,Yup i'm still having coffee wif my frens... My fren drove she'll give me a lift...
ham,"Okay. No no, just shining on. That was meant to be signing, but that sounds better."
spam,Please call our customer service representative on 0800 169 6031 between 10am-9pm as you have WON a guaranteed £1000 cash or £5000 prize!
ham,Mm not entirely sure i understood that text but hey. Ho. Which weekend?
ham,Hey what happen de. Are you alright.
ham,I'm home...
ham,K.k:)apo k.good movie.
ham,K.k.this month kotees birthday know?
ham,HI DARLIN HOW WAS WORK DID U GET INTO TROUBLE? IJUST TALKED TO YOUR MUM ALL MORNING! I HAD A REALLY GOOD TIME LAST NIGHT IM GOIN OUT SOON BUT CALL ME IF U CAN
ham,If i not meeting ü all rite then i'll go home lor. If ü dun feel like comin it's ok.
ham,CHEERS U TEX MECAUSE U WEREBORED! YEAH OKDEN HUNNY R UIN WK SAT?SOUNDS LIKEYOUR HAVIN GR8FUN J! KEEP UPDAT COUNTINLOTS OF LOVEME XXXXX.
ham,Gudnite....tc...practice going on
spam,FreeMsg: Hey - I'm Buffy. 25 and love to satisfy men. Home alone feeling randy. Reply 2 C my PIX! QlynnBV Help08700621170150p a msg Send stop to stop txts
spam,"This is the 2nd time we have tried 2 contact u. U have won the £750 Pound prize. 2 claim is easy, call 087187272008 NOW1! Only 10p per minute. BT-national-rate."
ham,Hey check it da. I have listed da.
ham,Excellent! Wish we were together right now!
ham,Easy ah?sen got selected means its good..
spam,"Spook up your mob with a Halloween collection of a logo & pic message plus a free eerie tone, txt CARD SPOOK to 8007 zed 08701417012150p per logo/pic "
ham,Nothing will ever be easy. But don't be looking for a reason not to take a risk on life and love
ham,But pls dont play in others life.
ham,Ü called dad oredi...
ham,Oh gei. That happend to me in tron. Maybe ill dl it in 3d when its out
ham,Somebody set up a website where you can play hold em using eve online spacebucks
ham,Slept? I thinkThis time ( &lt;#&gt;  pm) is not dangerous
ham,"Hey, a guy I know is breathing down my neck to get him some bud, anyway you'd be able to get a half track to usf tonight?"
ham,What Today-sunday..sunday is holiday..so no work..
ham,Sitting ard nothing to do lor. U leh busy w work?
ham,Ok... Then r we meeting later?
ham,Pls tell nelson that the bb's are no longer comin. The money i was expecting aint coming
ham,Lmao. Take a pic and send it to me.
ham,"K will do, addie &amp; I are doing some art so I'll be here when you get home"
ham,CHEERS LOU! YEAH WAS A GOODNITE SHAME U NEVA CAME! C YA GAILxx
ham,Should i send you naughty pix? :)
spam,Want the latest Video handset? 750 anytime any network mins? Half price line rental? Reply or call 08000930705 for delivery tomorrow
ham,He says hi and to get your ass back to south tampa (preferably at a kegger)
ham,"Thanks da thangam, i feel very very happy dear. I also miss you da."
ham,Are you available for soiree on June 3rd?
ham,Me n him so funny...
ham,"Velly good, yes please!"
ham,"And stop wondering ""wow is she ever going to stop tm'ing me ?!"" because I will tm you whenever I want because you are MINE ... *laughs*"
ham,"My sister in law, hope you are having a great month. Just saying hey. Abiola"
ham,U coming back 4 dinner rite? Dad ask me so i re confirm wif u...
ham,"Thanks again for your reply today. When is ur visa coming in. And r u still buying the gucci and bags. My sister things are not easy, uncle john also has his own bills so i really need to think about how to make my own money. Later sha."
ham,"It could work, we'll reach a consensus at the next meeting"
spam,YES! The only place in town to meet exciting adult singles is now in the UK. Txt CHAT to 86688 now! 150p/Msg.
ham,Sian... Aft meeting supervisor got work 2 do liao... U working now?
ham,"Sorry, I'll call later"
ham,You are a big chic. Common. Declare
ham,Yo dude guess who just got arrested the other day
ham,"Why is that, princess? I bet the brothas are all chasing you!"
ham,"Forgot it takes me 3 years to shower, sorry. Where you at/your phone dead yet?"
ham,HELLO U.CALL WEN U FINISH WRK.I FANCY MEETIN UP WIV U ALL TONITE AS I NEED A BREAK FROM DABOOKS. DID 4 HRS LAST NITE+2 TODAY OF WRK!
spam,We tried to call you re your reply to our sms for a video mobile 750 mins UNLIMITED TEXT free camcorder Reply or call now 08000930705 Del Thurs
ham,Happy new year to u too!
ham,I'm doing da intro covers energy trends n pros n cons... Brief description of nuclear fusion n oso brief history of iter n jet got abt 7 n half pages..
ham,I'm in chennai velachery:)
ham,"wiskey Brandy Rum Gin Beer Vodka Scotch Shampain Wine ""KUDI""yarasu dhina vaazhthukkal. .."
ham,I'm thinking that chennai forgot to come for auction..
spam,"Hey Boys. Want hot XXX pics sent direct 2 ur phone? Txt PORN to 69855, 24Hrs free and then just 50p per day. To stop text STOPBCM SF WC1N3XX"
ham,"I haven't forgotten you, i might have a couple bucks to send you tomorrow, k? I love ya too"
ham,Bognor it is! Should be splendid at this time of year.
ham,"Shit that is really shocking and scary, cant imagine for a second. Def up for night out. Do u think there is somewhere i could crash for night, save on taxi?"
ham,Even u dont get in trouble while convincing..just tel him once or twice and just tel neglect his msgs dont c and read it..just dont reply
ham,Yeah my usual guy's out of town but there're definitely people around I know
ham,I calls you later. Afternoon onwords mtnl service get problem in south mumbai. I can hear you but you cann't listen me.
spam,"Thanks for your ringtone order, reference number X29. Your mobile will be charged 4.50. Should your tone not arrive please call customer services 09065989180"
ham,Lol. Well quality aint bad at all so i aint complaining
ham,Did u receive my msg?
ham,Howz that persons story
ham,Yes. that will be fine. Love you. Be safe.
ham,I fetch yun or u fetch?
ham,Have a good trip. Watch out for . Remember when you get back we must decide about easter.
ham,Anything lor but toa payoh got place 2 walk meh...
ham,Good morning princess! How are you?
ham,I will be gentle princess! We will make sweet gentle love...
ham,"Once a fishrman woke early in d mrng. It was very dark. He waited a while &amp; found a sack ful of stones. He strtd throwin thm in2 d sea 2 pass time. Atlast he had jus 1stone, sun rose up &amp; he found out tht those r nt stones, those were diamonds. Moral:""Dont wake up early in d mrng'' GOOD night"
spam,Camera - You are awarded a SiPix Digital Camera! call 09061221066 fromm landline. Delivery within 28 days
ham,Shall i get my pouch?
spam,ROMCAPspam Everyone around should be responding well to your presence since you are so warm and outgoing. You are bringing in a real breath of sunshine.
ham,Nothing spl..wat abt u and whr ru?
ham,"Oh, i will get paid. The most outstanding one is for a commercial i did for Hasbro...in AUGUST! They made us jump through so many hoops to get paid. Still not."
ham,Hi dude hw r u da realy mising u today
ham,Send to someone else :-)
ham,Exactly. Anyways how far. Is jide her to study or just visiting
spam,Santa Calling! Would your little ones like a call from Santa Xmas eve? Call 09058094583 to book your time.
ham,"Sad story of a Man - Last week was my b'day. My Wife did'nt wish me. My Parents forgot n so did my Kids . I went to work. Even my Colleagues did not wish. As I entered my cabin my PA said, '' Happy B'day Boss !!''. I felt special. She askd me 4 lunch. After lunch she invited me to her apartment. We went there. She said,'' do u mind if I go into the bedroom for a minute ? '' ''OK'', I sed in a sexy mood. She came out 5 minuts latr wid a cake...n My Wife, My Parents, My Kidz, My Friends n My Colleagues. All screaming.. SURPRISE !! and I was waiting on the sofa.. ... ..... ' NAKED...!"
ham,Oh really?? Did you make it on air? What's your talent?
ham,Cant think of anyone with * spare room off * top of my head
ham,Is ur lecture over?
ham,Text her. If she doesnt reply let me know so i can have her log in
ham,"sir, you will receive the account no another 1hr time. Sorry for the delay."
spam,Free entry in 2 a weekly comp for a chance to win an ipod. Txt POD to 80182 to get entry (std txt rate) T&C's apply 08452810073 for details 18+
ham,"Hey, I missed you tm of last night as my phone was on the charge ... *smiles* ... I am meeting a friend shortly"
ham,Many more happy returns of the day. I wish you happy birthday.
ham,1 I don't have her number and 2 its gonna be a massive pain in the ass and i'd rather not get involved if that's possible
ham,Already one guy loving you:-.
ham,"Nt only for driving even for many reasons she is called BBD..thts it chikku, then hw abt dvg cold..heard tht vinobanagar violence hw is the condition..and hw ru ? Any problem?"
ham,Usually the body takes care of it buy making sure it doesnt progress. Can we pls continue this talk on saturday.
spam,"As a valued customer, I am pleased to advise you that following recent review of your Mob No. you are awarded with a £1500 Bonus Prize, call 09066364589"
spam,"Do you ever notice that when you're driving, anyone going slower than you is an idiot and everyone driving faster than you is a maniac?"
ham,Oh:)as usual vijay film or its different?
ham,The greatest test of courage on earth is to bear defeat without losing heart....gn tc
ham,He remains a bro amongst bros
ham,She's good. How are you. Where r u working now
spam,Todays Voda numbers ending 7548 are selected to receive a $350 award. If you have a match please call 08712300220 quoting claim code 4041 standard rates app
ham,Yunny... I'm goin to be late
ham,Oh unintentionally not bad timing. Great. Fingers  the trains play along! Will give fifteen min warning.
ham,"I call you later, don't have network. If urgnt, sms me."
ham,I dunno lei... Like dun haf...
spam,"Urgent! call 09066612661 from landline. Your complementary 4* Tenerife Holiday or £10,000 cash await collection SAE T&Cs PO Box 3 WA14 2PX 150ppm 18+ Sender: Hol Offer"
ham,Really dun bluff me leh... U sleep early too. Nite...
ham,I cant pick the phone right now. Pls send a message
ham,Did you try making another butt.
spam,PRIVATE! Your 2003 Account Statement for 07808 XXXXXX shows 800 un-redeemed S. I. M. points. Call 08719899217 Identifier Code: 41685 Expires 07/11/04
ham,somewhere out there beneath the pale moon light someone think in of u some where out there where dreams come true... goodnite &amp; sweet dreams
ham,R ü comin back for dinner?
spam,"Hungry gay guys feeling hungry and up 4 it, now. Call 08718730555 just 10p/min. To stop texts call 08712460324 (10p/min)"
ham,Nobody can decide where to eat and dad wants Chinese
ham,I am back. Good journey! Let me know if you need any of the receipts. Shall i tell you like the pendent?
ham,"Nothing much, chillin at home. Any super bowl plan?"
spam,"Get 3 Lions England tone, reply lionm 4 mono or lionp 4 poly. 4 more go 2 www.ringtones.co.uk, the original n best. Tones 3GBP network operator rates apply."
ham,Enjoy ur life. . Good night
ham,I want to tel u one thing u should not mistake me k THIS IS THE MESSAGE THAT YOU SENT:)
ham,Thank you princess! You are so sexy...
ham,"Geeeee ... Your internet is really bad today, eh ?"
ham,Its  &lt;#&gt; k here oh. Should i send home for sale.
ham,I've been searching for the right words to thank you for this breather. I promise i wont take your help for granted and will fulfil my promise. You have been wonderful and a blessing at all times.
spam,GSOH? Good with SPAM the ladies?U could b a male gigolo? 2 join the uk's fastest growing mens club reply ONCALL. mjzgroup. 08714342399.2stop reply STOP. msg@£1.50rcvd
ham,Am i that much dirty fellow?
ham,Ok. No wahala. Just remember that a friend in need ...
ham,"They said if its gonna snow, it will start around 8 or 9 pm tonite! They are predicting an inch of accumulation."
ham,hi my darlin im on my way to London and we have just been smashed into by another driver! and have a big dent! im really missing u what have u been up to? xxx
ham,"Yep, the great loxahatchee xmas tree burning of  &lt;#&gt;  starts in an hour"
ham,meet you in corporation st outside gap … you can see how my mind is working!
ham,I bought the test yesterday. Its something that lets you know the exact day u ovulate.when will get 2u in about 2 to 3wks. But pls pls dont fret. I know u r worried. Pls relax. Also is there anything in ur past history u need to tell me?
ham,Did you catch the bus ? Are you frying an egg ? Did you make a tea? Are you eating your mom's left over dinner ? Do you feel my Love ?
ham,"FR'NDSHIP is like a needle of a clock. Though V r in d same clock, V r nt able 2 met. Evn if V meet,itz only 4few seconds. Bt V alwys stay conected. Gud 9t;-)"
ham,Hey are we going for the lo lesson or gym? 
ham,K..k.:)congratulation ..
ham,I;m reaching in another 2 stops.
ham,S da..al r above  &lt;#&gt;
ham,Badrith is only for chennai:)i will surely pick for us:)no competition for him.
ham,Wait  &lt;#&gt;  min..
ham,"No we put party 7 days a week and study lightly, I think we need to draw in some custom checkboxes so they know we're hardcore"
ham,"Sorry,in meeting I'll call later"
ham,Are you coming to day for class.
ham,No drama Pls.i have had enough from you and family while i am struggling in the hot sun in a strange place.No reason why there should be an ego of not going 'IF NOT INVITED' when actually its necessity to go.wait for very serious reppurcussions.
ham,Nope but i'm going home now then go pump petrol lor... Like going 2 rain soon...
spam,"SMS. ac sun0819 posts HELLO:""You seem cool, wanted to say hi. HI!!!"" Stop? Send STOP to 62468"
ham,Is xy in ur car when u picking me up?
ham,Your pussy is perfect!
ham,Nite...
ham,How abt making some of the pics bigger?
ham,"As I entered my cabin my PA said, '' Happy B'day Boss !!''. I felt special. She askd me 4 lunch. After lunch she invited me to her apartment. We went there."
ham,K..k:)how about your training process?
spam,Sex up ur mobile with a FREE sexy pic of Jordan! Just text BABE to 88600. Then every wk get a sexy celeb! PocketBabe.co.uk 4 more pics. 16 £3/wk 087016248
ham,"Oh, yes, I've just been a little under the weather so i've kind of been coccooning at home"
ham,"Night has ended for another day, morning has come in a special way. May you smile like the sunny rays and leaves your worries at the blue blue bay."
ham,Shuhui has bought ron's present it's a swatch watch...
ham,From here after The performance award is calculated every two month.not for current one month period..
ham,You got called a tool?
ham,Cuz ibored. And don wanna study
ham,"yeah, that's what I was thinking"
ham,NOT ENUFCREDEIT TOCALL.SHALL ILEAVE UNI AT 6 +GET A BUS TO YOR HOUSE?
ham,Your opinion about me? 1. Over 2. Jada 3. Kusruthi 4. Lovable 5. Silent 6. Spl character 7. Not matured 8. Stylish 9. Simple Pls reply..
ham,Yes..he is really great..bhaji told kallis best cricketer after sachin in world:).very tough to get out.
ham,Well boy am I glad G wasted all night at applebees for nothing
ham,Anyway i'm going shopping on my own now. Cos my sis not done yet. Dun disturb u liao.
ham,"Wishing you and your family Merry ""X"" mas and HAPPY NEW Year in advance.."
ham,What you need. You have a person to give na.
ham,I dont want to hear anything
ham,Have you got Xmas radio times. If not i will get it now
ham,Message:some text missing* Sender:Name Missing* *Number Missing *Sent:Date missing *Missing U a lot thats y everything is missing sent via fullonsms.com
ham,"Nowadays people are notixiquating the laxinorficated opportunity for bambling of entropication.... Have you ever oblisingately opted ur books for the masteriastering amplikater of fidalfication? It is very champlaxigating, i think it is atrocious.. Wotz Ur Opinion???? Junna"
ham,", how's things? Just a quick question."
ham,* Will have two more cartons off u and is very pleased with shelves
ham,K.k:)advance happy pongal.
ham,Ok... But they said i've got wisdom teeth hidden inside n mayb need 2 remove.
ham,You still coming tonight?
ham,"see, i knew giving you a break a few times woul lead to you always wanting to miss curfew. I was gonna gibe you 'til one, but a MIDNIGHT movie is not gonna get out til after 2. You need to come home. You need to getsleep and, if anything, you need to b studdying ear training."
ham,Can a not?
ham,No it was cancelled yeah baby! Well that sounds important so i understand my darlin give me a ring later on this fone love Kate x
ham,"I thought i'd get him a watch, just cos thats the kind of thing u get4an18th. And he loves so much!"
ham,At WHAT TIME should i come tomorrow
ham,"Goodmorning, Today i am late for  &lt;#&gt; min."
ham,haha but no money leh... Later got to go for tuition... Haha and looking for empty slots for driving lessons
ham,You are a great role model. You are giving so much and i really wish each day for a miracle but God as a reason for everything and i must say i wish i knew why but i dont. I've looked up to you since i was young and i still do. Have a great day.
ham,No it will reach by 9 only. She telling she will be there. I dont know
spam,You are a winner you have been specially selected to receive £1000 cash or a £2000 award. Speak to a live operator to claim call 087123002209am-7pm. Cost 10p
spam,Dear U've been invited to XCHAT. This is our final attempt to contact u! Txt CHAT to 86688 150p/MsgrcvdHG/Suite342/2Lands/Row/W1J6HL LDN 18 yrs
ham,Boo. How's things? I'm back at home and a little bored already :-(
ham,"Haha awesome, be there in a minute"
ham,"Hi, Mobile no.  &lt;#&gt;  has added you in their contact list on www.fullonsms.com It s a great place to send free sms to people For more visit fullonsms.com"
ham,S:-)kallis wont play in first two odi:-)
ham,:-) yeah! Lol. Luckily i didn't have a starring role like you!
ham, &lt;#&gt;  in mca. But not conform.
ham,It has issues right now. Ill fix for her by tomorrow.
spam,Todays Vodafone numbers ending with 4882 are selected to a receive a £350 award. If your number matches call 09064019014 to receive your £350 award.
ham,I wnt to buy a BMW car urgently..its vry urgent.but hv a shortage of  &lt;#&gt; Lacs.there is no source to arng dis amt. &lt;#&gt; lacs..thats my prob
ham,"Good afternoon sexy buns! How goes the job search ? I wake and you are my first thought as always, my love. I wish your fine and happy and know I adore you!"
ham,Auntie huai juan never pick up her phone
ham,Ok lor. I'm in town now lei.
ham,would u fuckin believe it they didnt know i had thurs pre booked off so they re cancelled me AGAIN! that needs to b sacked
ham,Ugh just got outta class
ham,Thanks  and ! Or bomb and date as my phone wanted to say! 
ham,Send his number and give reply tomorrow morning for why you said that to him like that ok
ham,K tell me anything about you.
ham,"Nothing. I meant that once the money enters your account here, the bank will remove its flat rate. Someone transfered  &lt;#&gt;  to my account and  &lt;#&gt; dollars got removed. So the banks differ and charges also differ.be sure you trust the 9ja person you are sending account details to cos..."
ham,"When people see my msgs, They think Iam addicted to msging... They are wrong, Bcoz They don\'t know that Iam addicted to my sweet Friends..!! BSLVYL"
ham,"Just sent again. Do you scream and moan in bed, princess?"
ham,Sleeping nt feeling well
ham,HI BABE U R MOST LIKELY TO BE IN BED BUT IM SO SORRY ABOUT TONIGHT! I REALLY WANNA SEE U TOMORROW SO CALL ME AT 9. LOVE ME XXX
ham,Another month. I need chocolate weed and alcohol.
spam,PRIVATE! Your 2003 Account Statement for 078
ham,I love to wine and dine my lady!
ham,Dai what this da.. Can i send my resume to this id.
ham,Hey no I ad a crap nite was borin without ya 2 boggy with me u boring biatch! Thanx but u wait til nxt time il ave ya 
spam,"FreeMsg Hey U, i just got 1 of these video/pic fones, reply WILD to this txt & ill send U my pics, hurry up Im so bored at work xxx (18 150p/rcvd STOP2stop)"
ham,Wait 2 min..stand at bus stop
spam,I'd like to tell you my deepest darkest fantasies. Call me 09094646631 just 60p/min. To stop texts call 08712460324 (nat rate)
ham,&lt;#&gt;  w jetton ave if you forgot
ham,What you thinked about me. First time you saw me in class.
ham,Hi' Test on  &lt;#&gt; rd ....
ham,"All done, all handed in. Don't know if mega shop in asda counts as celebration but thats what i'm doing!"
ham,"Hmmm ... I thought we said 2 hours slave, not 3 ... You are late ... How should I punish you ?"
spam,"Final Chance! Claim ur £150 worth of discount vouchers today! Text YES to 85023 now! SavaMob, member offers mobile! T Cs SavaMob POBOX84, M263UZ. £3.00 Subs 16"
ham,"Easy mate, * guess the quick drink was bit ambitious."
ham,Oh great. I.ll disturb him more so that we can talk.
spam,Congratulations ur awarded 500 of CD vouchers or 125gift guaranteed & Free entry 2 100 wkly draw txt MUSIC to 87066
ham,I am not sure about night menu. . . I know only about noon menu
ham,Yeah I don't see why not
ham,Jordan got voted out last nite!
ham,"aight we can pick some up, you open before tonight?"
ham,Ok lor.
ham,"If i let you do this, i want you in the house by 8am."
ham,HIYA COMIN 2 BRISTOL 1 ST WEEK IN APRIL. LES GOT OFF + RUDI ON NEW YRS EVE BUT I WAS SNORING.THEY WERE DRUNK! U BAK AT COLLEGE YET? MY WORK SENDS INK 2 BATH.
ham,ok....take care.umma to you too...
ham,2 laptop... I noe infra but too slow lar... I wan fast one
ham,I send the print  outs da.
spam,"Latest Nokia Mobile or iPOD MP3 Player +£400 proze GUARANTEED! Reply with: WIN to 83355 now! Norcorp Ltd.£1,50/Mtmsgrcvd18+"
ham,Ok leave no need to ask
spam,Congrats! Nokia 3650 video camera phone is your Call 09066382422 Calls cost 150ppm Ave call 3mins vary from mobiles 16+ Close 300603 post BCM4284 Ldn WC1N3XX
ham,There are many company. Tell me the language.
ham,Convey my regards to him
ham,"I want to show you the world, princess :) how about europe?"
ham,Are u coming to the funeral home
ham,Yar lor wait 4 my mum 2 finish sch then have lunch lor... I whole morning stay at home clean my room now my room quite clean... Hee...
ham,Wat uniform? In where get?
ham,V skint too but fancied few bevies.waz gona go meet &othrs in spoon but jst bin watchng planet earth&sofa is v comfey; If i dont make it hav gd night
spam,"You've won tkts to the EURO2004 CUP FINAL or £800 CASH, to collect CALL 09058099801 b4190604, POBOX 7876150ppm"
ham,"Ya tel, wats ur problem.."
ham,Hello! Good week? Fancy a drink or something later?
spam,Guess what! Somebody you know secretly fancies you! Wanna find out who it is? Give us a call on 09065394514 From Landline DATEBox1282EssexCM61XN 150p/min 18
ham,"Good morning, my Love ... I go to sleep now and wish you a great day full of feeling better and opportunity ... You are my last thought babe, I LOVE YOU *kiss*"
ham,What's a feathery bowa? Is that something guys have that I don't know about?
ham,Many times we lose our best ones bcoz we are 
ham,"As usual..iam fine, happy &amp; doing well..:)"
ham,"Sir, I am waiting for your mail."
ham,Thank you baby! I cant wait to taste the real thing...
ham,"Mon okie lor... Haha, best is cheap n gd food la, ex oso okie... Depends on whether wana eat western or chinese food... Den which u prefer... "
ham,Take us out shopping and Mark will distract Isaiah.=D
ham,As per your request 'Melle Melle (Oru Minnaminunginte Nurungu Vettam)' has been set as your callertune for all Callers. Press *9 to copy your friends Callertune
ham,Ok.
ham,You can never do NOTHING
ham,"I'll get there at 3, unless you guys want me to come some time sooner"
ham,Oh just getting even with u.... u?
spam,"SMS SERVICES. for your inclusive text credits, pls goto www.comuk.net login= 3qxj9 unsubscribe with STOP, no extra charge. help 08702840625.COMUK. 220-CM2 9AE"
ham,Aight well keep me informed
ham,U WILL SWITCH YOUR FONE ON DAMMIT!!
ham,Hahaha..use your brain dear
ham,Ok... Sweet dreams...
ham,Prepare to be pounded every night...
ham,No need to say anything to me. I know i am an outsider
ham,Have a great trip to India. And bring the light to everyone not just with the project but with everyone that is lucky to see you smile. Bye. Abiola
ham,Loosu go to hospital. De dont let it careless.
ham,No. Yes please. Been swimming?
ham,No i am not having not any movies in my laptop
spam,important information 4 orange user . today is your lucky day!2find out why log onto http://www.urawinner.com THERE'S A FANTASTIC SURPRISE AWAITING YOU!
ham,But am going to college pa. What to do. are else ill come there it self. Pa.
ham,Which is weird because I know I had it at one point
ham,"Plz note: if anyone calling from a mobile Co. &amp; asks u to type # &lt;#&gt;  or # &lt;#&gt; . Do not do so. Disconnect the call,coz it iz an attempt of 'terrorist' to make use of the sim card no. Itz confirmd by nokia n motorola n has been verified by CNN IBN."
ham,I WILL CAL YOU SIR. In meeting
ham,"Please protect yourself from e-threats. SIB never asks for sensitive information like Passwords,ATM/SMS PIN thru email. Never share your password with anybody."
ham,"Every King Was Once A Crying Baby And Every Great Building Was Once A Map.. Not Imprtant Where U r TODAY, BUT Where U Wil Reach TOMORW. Gud ni8"
ham,Yetunde i'm in class can you not run water on it to make it ok. Pls now.
ham,"Babe, have you got enough money to pick up bread and milk ? And I'll give you it back when you get home ?"
ham,Yup but not studying surfing lor. I'm in e lazy mode today.
ham,"Edison has rightly said, ""A fool can ask more questions than a wise man can answer"" Now you know why all of us are speechless during ViVa.. GM,GN,GE,GNT:-)"
ham,I will take care of financial problem.i will help:)
ham,Hi darlin did youPhone me? Im atHome if youwanna chat.
ham,Miles and smiles r made frm same letters but do u know d difference..? smile on ur face keeps me happy even though I am miles away from u.. :-)keep smiling.. Good nyt
ham,What pa tell me.. I went to bath:-)
ham,"Fuck babe ... I miss you already, you know ? Can't you let me send you some money towards your net ? I need you ... I want you ... I crave you ..."
ham,get ready to moan and scream :)
ham,"Happy or sad , one thing about past is- ""Its no more"" GOOD MORNING :-):-)."
ham,"Remember all those whom i hurt during days of satanic imposter in me.need to pay a price,so be it.may destiny keep me going and as u said pray that i get the mind to get over the same."
ham,Haven't left yet so probably gonna be here til dinner
ham,I know but you need to get hotel now. I just got my invitation but i had to apologise. Cali is to sweet for me to come to some english bloke's weddin
ham,Yo we are watching a movie on netflix
ham,It shall be fine. I have avalarr now. Will hollalater
ham,Yeah but which is worse for i
ham,No calls..messages..missed calls
ham,Ok...
ham,IM LATE TELLMISS IM ON MY WAY
ham,Can you just come in for a sec? There's somebody here I want you to see
ham,"Its ok, called mom instead have fun"
ham,Si si. I think ill go make those oreo truffles.
ham,Are you comingdown later?
spam,You are now unsubscribed all services. Get tons of sexy babes or hunks straight to your phone! go to http://gotbabes.co.uk. No subscriptions.
ham,Then i buy.
ham,Oh is it! Which brand?
ham,Shall i send that exe to your mail id.
ham,Hui xin is in da lib.
ham,What does the dance river do?
ham,Oh. U must have taken your REAL Valentine out shopping first.
ham,Just hopeing that wasn‘t too pissed up to remember and has gone off to his sisters or something!
spam,"SMS. ac Blind Date 4U!: Rodds1 is 21/m from Aberdeen, United Kingdom. Check Him out http://img. sms. ac/W/icmb3cktz8r7!-4 no Blind Dates send HIDE"
ham,I love u 2 my little pocy bell I am sorry but I love u
spam,Urgent! Please call 09061213237 from landline. £5000 cash or a luxury 4* Canary Islands Holiday await collection. T&Cs SAE PO Box 177. M227XY. 150ppm. 16+
ham,Jus telling u dat i'll b leaving 4 shanghai on 21st instead so we'll haf more time 2 meet up cya...
ham,Have you finished work yet? :)
ham,Hi Dear Call me its urgnt. I don't know whats your problem. You don't want to work or if you have any other problem at least tell me. Wating for your reply.
ham,Yeah I'll try to scrounge something up
ham,Got it! It looks scrumptious... daddy wants to eat you all night long!
ham,On ma way to school. Can you pls send me ashley's number
ham,My supervisor find 4 me one lor i thk his students. I havent ask her yet. Tell u aft i ask her.
ham,I realise you are a busy guy and i'm trying not to be a bother. I have to get some exams outta the way and then try the cars. Do have a gr8 day
ham,Of course ! Don't tease me ... You know I simply must see ! *grins* ... Do keep me posted my prey ... *loving smile* *devouring kiss*
ham,Mm umma ask vava also to come tell him can play later together
spam,U have a secret admirer who is looking 2 make contact with U-find out who they R*reveal who thinks UR so special-call on 09058094599
ham,thanks for the temales it was wonderful. Thank. Have a great week.
ham,Are you this much buzy
ham,"Imagine you finally get to sink into that bath after I have put you through your paces, maybe even having you eat me for a while before I left ... But also imagine the feel of that cage on your cock surrounded by the bath water, reminding you always who owns you ... Enjoy, my cuck"
ham,Book which lesson? then you msg me... I will call up after work or sth... I'm going to get specs. My membership is PX3748
spam,Natalie (20/F) is inviting you to be her friend. Reply YES-165 or NO-165 See her: www.SMS.ac/u/natalie2k9 STOP? Send STOP FRND to 62468
ham,It's justbeen overa week since we broke up and already our brains are going to mush!
ham,No de. But call me after some time. Ill tell you k
ham,"Ha ha nan yalrigu heltini..Iyo kothi chikku, u shared many things wit me..so far i didn't told any body and even uttered a word abt u.. If ur trusting me so much how can i tell these to others.. Plz nxt time dont use those words to me..ok, chikku:-);-)B-)"
ham,Lmao you know me so well...
ham,O we cant see if we can join denis and mina? Or does denis want alone time
ham,Hey tmr maybe can meet you at yck
ham,"Give her something to drink, if she takes it and doesn't vomit then you her temp might drop. If she unmits however let me know."
ham,"Sir, Waiting for your mail."
ham,I am 6 ft. We will be a good combination!
ham,"Oops I did have it,  &lt;#&gt; ?"
ham,ELLO BABE U OK?
ham,Sending you greetings of joy and happiness. Do have a gr8 evening
ham,Haha okay... Today weekend leh... 
ham,Don no da:)whats you plan?
ham,S.i'm watching it in live..
ham,it's still not working. And this time i also tried adding zeros. That was the savings. The checking is  &lt;#&gt; 
ham,"K I'll head out in a few mins, see you there"
ham,"Yeah, in fact he just asked if we needed anything like an hour ago. When and how much?"
ham,We can make a baby in yo tho
ham,I'm not sure if its still available though
ham,No sir. That's why i had an 8-hr trip on the bus last week. Have another audition next wednesday but i think i might drive this time.
ham,"Yep, by the pretty sculpture"
ham,Have you always been saying welp?
ham,"Go until jurong point, crazy.. Available only in bugis n great world la e buffet... Cine there got amore wat..."
ham,"Sorry, I guess whenever I can get a hold of my connections, maybe an hour or two? I'll text you"
ham,"I noe la... U wana pei bf oso rite... K lor, other days den..."
ham,Stop knowing me so well!
ham,We don call like  &lt;#&gt;  times oh. No give us hypertension oh.
ham,Jus finished avatar nigro
ham,"HI HUN! IM NOT COMIN 2NITE-TELL EVERY1 IM SORRY 4 ME, HOPE U AVA GOODTIME!OLI RANG MELNITE IFINK IT MITE B SORTED,BUT IL EXPLAIN EVERYTHIN ON MON.L8RS.x"
ham,Yup n her fren lor. I'm meeting my fren at 730.
ham,"TODAY is Sorry day.! If ever i was angry with you, if ever i misbehaved or hurt you? plz plz JUST SLAP URSELF Bcoz, Its ur fault, I'm basically GOOD"
ham,Havent mus ask if u can 1st wat. Of meet 4 lunch den u n him meet can already lor. Or u wan 2 go ask da ge 1st then confirm w me asap?
ham,Ok...
ham,Thankyou so much for the call. I appreciate your care.
ham,Can ü all decide faster cos my sis going home liao..
ham,Dude ive been seeing a lotta corvettes lately
ham,Pls she needs to dat slowly or she will vomit more.
ham,I cant wait to see you! How were the photos were useful? :)
ham,You stayin out of trouble stranger!!saw Dave the other day hes sorted now!still with me bloke when u gona get a girl MR!ur mum still Thinks we will get 2GETHA! 
ham,Don't necessarily expect it to be done before you get back though because I'm just now headin out
ham,Lol! U drunkard! Just doing my hair at d moment. Yeah still up 4 tonight. Wats the plan? 
ham,K. I will sent it again
ham,"Usf I guess, might as well take 1 car"
ham,Becoz its  &lt;#&gt;  jan whn al the post ofice is in holiday so she cn go fr the post ofice...got it duffer
ham,I havent lei.. Next mon can?
ham,Prakesh is there know.
ham,will you like to be spoiled? :)
ham,"Aight, sounds good. When do you want me to come down?"
ham,"Funny fact Nobody teaches volcanoes 2 erupt, tsunamis 2 arise, hurricanes 2 sway aroundn no 1 teaches hw 2 choose a wife Natural disasters just happens"
ham,Guess who spent all last night phasing in and out of the fourth dimension
ham,Hey i will be late... i'm at amk. Need to drink tea or coffee
ham,AH POOR BABY!HOPE URFEELING BETTERSN LUV! PROBTHAT OVERDOSE OF WORK HEY GO CAREFUL SPK 2 U SN LOTS OF LOVEJEN XXX.
ham,We stopped to get ice cream and will go back after
spam,You are a winner U have been specially selected 2 receive £1000 cash or a 4* holiday (flights inc) speak to a live operator 2 claim 0871277810810
ham,Hi did u decide wot 2 get 4 his bday if not ill prob jus get him a voucher frm virgin or sumfing 
ham,Are you in castor? You need to see something
ham,I'm freezing and craving ice. Fml
ham,"Can meh? Thgt some will clash... Really ah, i dun mind... I dun seen to have lost any weight... Gee..."
spam,WIN a £200 Shopping spree every WEEK Starting NOW. 2 play text STORE to 88039. SkilGme. TsCs08714740323 1Winawk! age16 £1.50perweeksub.
ham,Have you heard about that job? I'm going to that wildlife talk again tonight if u want2come. Its that2worzels and a wizzle or whatever it is?! 
ham,You are gorgeous! keep those pix cumming :) thank you!
ham,How come i din c ü... Yup i cut my hair...
ham,Boy you best get yo ass out here quick
ham,Ok lar i double check wif da hair dresser already he said wun cut v short. He said will cut until i look nice.
ham,Thanks. Fills me with complete calm and reassurance! 
ham,i can call in  &lt;#&gt;  min if thats ok
ham,Yavnt tried yet and never played original either
ham,"I prefer my free days... Tues, wed, fri oso can... Ü ask those workin lor..."
ham,Okay... I booked all already... Including the one at bugis.
ham,This pain couldn't have come at a worse time.
ham,Do well :)all will for little time. Thing of good times ahead:
ham,How r ü going to send it to me?
ham,R we going with the  &lt;#&gt;  bus?
ham,Me fine..absolutly fine
ham,How are you babes. Hope your doing ok. I had a shit nights sleep. I fell asleep at 5.Im knackered and im dreading work tonight. What are thou upto tonight. X
ham,Gr8. So how do you handle the victoria island traffic. Plus when's the album due
ham,Okie
ham,That's ok. I popped in to ask bout something and she said you'd been in. Are you around tonght wen this girl comes?
ham,Neshanth..tel me who r u?
ham,Oops I was in the shower when u called. Hey a parking garage collapsed at university hospital. See I'm not crazy. Stuff like that DOES happen.
ham,I (Career Tel) have added u as a contact on INDYAROCKS.COM to send FREE SMS. To remove from phonebook - sms NO to  &lt;#&gt;
ham,"Maybe westshore or hyde park village, the place near my house?"
ham,Joy's father is John. Then John is the ____ of Joy's father. If u ans ths you hav  &lt;#&gt;  IQ. Tis s IAS question try to answer.
ham,Btw regarding that we should really try to see if anyone else can be our 4th guy before we commit to a random dude
ham,Oh all have to come ah?
ham,"Friendship is not a game to play, It is not a word to say, It doesn\'t start on March and ends on May, It is tomorrow, yesterday, today and e"
spam,goldviking (29/M) is inviting you to be his friend. Reply YES-762 or NO-762 See him: www.SMS.ac/u/goldviking STOP? Send STOP FRND to 62468
ham,Nope but i'll b going 2 sch on fri quite early lor cos mys sis got paper in da morn :-)
ham,"Tick, tick, tick ... Babe"
ham,Eek that's a lot of time especially since American Pie is like 8 minutes long. I can't stop singing it.
spam,wamma get laid?want real doggin locations sent direct to your mobile? join the UKs largest dogging network. txt dogs to 69696 now!nyt. ec2a. 3lp £1.50/msg.
ham,"Dont search love, let love find U. Thats why its called falling in love, bcoz U dont force yourself, U just fall and U know there is smeone to hold U... BSLVYL"
ham,I have 2 docs appointments next week.:/ I'm tired of them shoving stuff up me. Ugh why couldn't I have had a normal body?
ham,Chk in ur belovd ms dict
ham,"That's very rude, you on campus?"
ham,No prob. I will send to your email.
spam,You have WON a guaranteed £1000 cash or a £2000 prize. To claim yr prize call our customer service representative on 08714712379 between 10am-7pm Cost 10p
ham,Cos i was out shopping wif darren jus now n i called him 2 ask wat present he wan lor. Then he started guessing who i was wif n he finally guessed darren lor.
spam,"Got what it takes 2 take part in the WRC Rally in Oz? U can with Lucozade Energy! Text RALLY LE to 61200 (25p), see packs or lucozade.co.uk/wrc & itcould be u!"
ham,Super da:)good replacement for murali
ham,Yo you guys ever figure out how much we need for alcohol? Jay and I are trying to figure out how much we can safely spend on weed
ham,Hey are you angry with me. Reply me dr.
ham,Well. Im computerless. Time to make some oreo truffles
ham,"Huh... Hyde park not in mel ah, opps, got confused... Anyway, if tt's e best choice den we juz have to take it..."
ham,Anytime lor...
ham,"Aight, see you in a bit"
ham,Sounds like something that someone testing me would sayy
ham,I pocked you up there before
ham,Those cocksuckers. If it makes you feel better ipads are worthless garbage novelty items and you should feel bad for even wanting one
ham,I'm not driving... Raining! Then i'll get caught at e mrt station lor.
ham,"Just making dinner, you ?"
ham,No message..no responce..what happend?
spam,1st wk FREE! Gr8 tones str8 2 u each wk. Txt NOKIA ON to 8007 for Classic Nokia tones or HIT ON to 8007 for Polys. Nokia/150p Poly/200p 16+
spam,"Congratulations! Thanks to a good friend U have WON the £2,000 Xmas prize. 2 claim is easy, just call 08718726978 NOW! Only 10p per minute. BT-national-rate"
ham,ALRITE
ham,Uncle boye. I need movies oh. Guide me. Plus you know torrents are not particularly legal here. And the system is slowing down. What should i do. Have a gr8 day. Plus have you started cos i dont meet you online. How was the honey moon.
spam,"Loan for any purpose £500 - £75,000. Homeowners + Tenants welcome. Have you been previously refused? We can still help. Call Free 0800 1956669 or text back 'help'"
ham,"There're some people by mu, I'm at the table by lambda"
spam,Can U get 2 phone NOW? I wanna chat 2 set up meet Call me NOW on 09096102316 U can cum here 2moro Luv JANE xx Calls£1/minmoremobsEMSPOBox45PO139WA
ham,Congrats kano..whr s the treat maga?
ham,WHEN THE FIRST STRIKE IS A RED ONE. THE BIRD + ANTELOPE BEGIN TOPLAY IN THE FIELDOF SELFINDEPENDENCE BELIEVE THIS + THE FLOWER OF CONTENTION WILL GROW.RANDOM!
ham,You have registered Sinco as Payee. Log in at icicibank.com and enter URN  &lt;#&gt;  to confirm. Beware of frauds. Do NOT share or disclose URN to anyone.
ham,Oh thats late! Well have a good night and i will give u a call tomorrow. Iam now going to go to sleep night night
ham,Now only i reached home. . . I am very tired now. . I will come tomorro
spam,You have 1 new voicemail. Please call 08719181513.
spam,"Download as many ringtones as u like no restrictions, 1000s 2 choose. U can even send 2 yr buddys. Txt Sir to 80082 £3 "
ham,"No shit, but I wasn't that surprised, so I went and spent the evening with that french guy I met in town here and we fooled around a bit but I didn't let him fuck me"
ham,Also andros ice etc etc
ham,"Ahhhh...just woken up!had a bad dream about u tho,so i dont like u right now :) i didnt know anything about comedy night but i guess im up for it."
ham,I am on the way to ur home
ham,Ü eatin later but i'm eatin wif my frens now lei... Ü going home first? 
ham,"Sorry, was in the bathroom, sup"
spam,"0A$NETWORKS allow companies to bill for SMS, so they are responsible for their ""suppliers"", just as a shop has to give a guarantee on what they sell. B. G."
ham,K k:) sms chat with me.
spam,Free entry in 2 a weekly comp for a chance to win an ipod. Txt POD to 80182 to get entry (std txt rate) T&C's apply 08452810073 for details 18+
spam,Hello. We need some posh birds and chaps to user trial prods for champneys. Can i put you down? I need your address and dob asap. Ta r
ham,Or just do that 6times
ham,Haha mayb u're rite... U know me well. Da feeling of being liked by someone is gd lor. U faster go find one then all gals in our group attached liao.
ham,WOT U WANNA DO THEN MISSY?
ham,"CHA QUITEAMUZING THATSCOOL BABE,PROBPOP IN & CU SATTHEN HUNNY 4BREKKIE! LOVE JEN XXX. PSXTRA LRG PORTIONS 4 ME PLEASE "
ham,Tell my  bad character which u Dnt lik in me. I'll try to change in  &lt;#&gt; . I ll add tat 2 my new year resolution. Waiting for ur reply.Be frank...good morning.
ham,Is it your yahoo boys that bring in the perf? Or legal.
ham,"Watching cartoon, listening music &amp; at eve had to go temple &amp; church.. What about u?"
ham,Lol u still feeling sick?
ham,"Dear, will call Tmorrow.pls accomodate."
ham,I know you mood off today
ham,Pls dont forget to study
ham,What's nannys address?
ham,Aight should I just plan to come up later tonight?
spam,"Dear Voucher Holder, To claim this weeks offer, at your PC please go to http://www.wtlp.co.uk/text. Ts&Cs apply."
ham,Yup i thk they r e teacher said that will make my face look longer. Darren ask me not 2 cut too short.
ham,Hi its me you are probably having too much fun to get this message but i thought id txt u cos im bored! and james has been farting at me all night
ham,Heehee that was so funny tho
ham,"Sorry my roommates took forever, it ok if I come by now?"
ham,I think just yourself …Thanks and see you tomo
ham,"Aight I'll grab something to eat too, text me when you're back at mu"
ham,She doesnt need any test.
ham,"Probably, want to pick up more?"
ham,"Send ur birthdate with month and year, I will tel u ur LIFE PARTNER'S name. and the method of calculation. Reply must."
spam,We tried to contact you re our offer of New Video Phone 750 anytime any network mins HALF PRICE Rental camcorder call 08000930705 or reply for delivery Wed
ham,I plane to give on this month end.
ham,"Tunji, how's the queen? how are you doing. This is just wishing you a great day. Abiola."
ham,"Hey, can you tell me blake's address? Carlos wanted me to meet him there but I got lost and he's not answering his phone"
ham,Then she dun believe wat?
ham,Don't forget though that I love you .... And I walk beside you. Watching over you and keeping your heart warm.
ham,Okay but i thought you were the expert
ham,I had askd u a question some hours before. Its answer
ham,God bless.get good sleep my dear...i will pray!
ham,Come by our room at some point so we can iron out the plan for this weekend
ham,Oh ho. Is this the first time u use these type of words
ham,I hate when she does this. She turns what should be a fun shopping trip into an annoying day of how everything would look in her house.
ham,Lol no ouch but wish i'd stayed out a bit longer
ham,Okie
ham,No got new job at bar in airport on satsgettin 4.47per hour but means no lie in! keep in touch
spam,You'll not rcv any more msgs from the chat svc. For FREE Hardcore services text GO to: 69988 If u get nothing u must Age Verify with yr network & try again
spam,"accordingly. I repeat, just text the word ok on your mobile phone and send"
ham,What time you coming down later? 
ham,Kay... Since we are out already 
ham,Let there be snow. Let there be snow. This kind of weather brings ppl together so friendships can grow.
ham,"We are at grandmas. Oh dear, u still ill? I felt Shit this morning but i think i am just hungover! Another night then. We leave on sat."
ham,No no. I will check all rooms befor activities
ham,I know she called me
ham,"Although i told u dat i'm into baig face watches now but i really like e watch u gave cos it's fr u. Thanx 4 everything dat u've done today, i'm touched..."
ham,Maybe?! Say hi to  and find out if  got his card. Great escape or wetherspoons? 
ham,Am on a train back from northampton so i'm afraid not! I'm staying skyving off today ho ho! Will be around wednesday though. Do you fancy the comedy club this week by the way?
ham,Sorry dude. Dont know how i forgot. Even after Dan reminded me. Sorry. Hope you guys had fun.
ham,I know I'm lacking on most of this particular dramastorm's details but for the most part I'm not worried about that
ham,"Sounds good, keep me posted"
ham,Well you told others you'd marry them...
ham,"sorry, no, have got few things to do. may be in pub later."
ham,"Yes..but they said its IT.,"
ham,I know a few people I can hit up and fuck to the yes
ham,"K, fyi I'm back in my parents' place in south tampa so I might need to do the deal somewhere else"
ham,1. Tension face 2. Smiling face 3. Waste face 4. Innocent face 5.Terror face 6.Cruel face 7.Romantic face 8.Lovable face 9.decent face  &lt;#&gt; .joker face.
ham,"Yup, leaving right now, be back soon"
ham,Ard 515 like dat. Y?
ham,Nice.nice.how is it working?
spam,We tried to contact you re your reply to our offer of 750 mins 150 textand a new video phone call 08002988890 now or reply for free delivery tomorrow
spam,No. 1 Nokia Tone 4 ur mob every week! Just txt NOK to 87021. 1st Tone FREE ! so get txtin now and tell ur friends. 150p/tone. 16 reply HL 4info
ham,Alright i have a new goal now
ham,I cant pick the phone right now. Pls send a message
ham,But I'm on a diet. And I ate 1 too many slices of pizza yesterday. Ugh I'm ALWAYS on a diet.
ham,That one week leave i put know that time. Why.
ham,* Am on a train back from northampton so i'm afraid not!
ham,Am surfing online store. For offers do you want to buy any thing.
ham,Did either of you have any idea's? Do you know of anyplaces doing something?
spam,"Congrats! 2 mobile 3G Videophones R yours. call 09061744553 now! videochat wid ur mates, play java games, Dload polyH music, noline rentl. bx420. ip4. 5we. 150pm"
ham,I donno its in your genes or something
ham,I went to project centre
ham,"You know, wot people wear. T shirts, jumpers, hat, belt, is all we know. We r at Cribbs"
spam,FREE entry into our £250 weekly competition just text the word WIN to 80086 NOW. 18 T&C www.txttowin.co.uk
spam,Last chance 2 claim ur £150 worth of discount vouchers-Text YES to 85023 now!SavaMob-member offers mobile T Cs 08717898035. £3.00 Sub. 16 . Remove txt X or STOP
ham,Ok darlin i supose it was ok i just worry too much.i have to do some film stuff my mate and then have to babysit again! But you can call me there.xx
ham,What do u want when i come back?.a beautiful necklace as a token of my heart for you.thats what i will give but ONLY to MY WIFE OF MY LIKING.BE THAT AND SEE..NO ONE can give you that.dont call me.i will wait till i come.
ham,No da. . Vijay going to talk in jaya tv
ham,I like cheap! But i‘m happy to splash out on the wine if it makes you feel better..
ham,Hey i've booked the pilates and yoga lesson already... Haha
ham,Company is very good.environment is terrific and food is really nice:)
ham,Ok then u tell me wat time u coming later lor.
ham,Webpage s not available!
ham,Just buy a pizza. Meat lovers or supreme. U get to pick.
spam,"HOT LIVE FANTASIES call now 08707509020 Just 20p per min NTT Ltd, PO Box 1327 Croydon CR9 5WB 0870 is a national rate call"
ham,I think the other two still need to get cash but we can def be ready by 9
ham,"Under the sea, there lays a rock. In the rock, there is an envelope. In the envelope, there is a paper. On the paper, there are 3 words... '"
ham,We walked from my moms. Right on stagwood pass right on winterstone left on victors hill. Address is &lt;#&gt;
ham,"Ever green quote ever told by Jerry in cartoon ""A Person Who Irritates u Always Is the one Who Loves u Vry Much But Fails to Express It...!..!! :-) :-) gud nyt"
ham,Just seeing your missed call my dear brother. Do have a gr8 day.
ham,Ok...
ham,"wow. You're right! I didn't mean to do that. I guess once i gave up on boston men and changed my search location to nyc, something changed. Cuz on my signin page it still says boston."
spam,74355 XMAS iscoming & ur awarded either £500 CD gift vouchers & free entry 2 r £100 weekly draw txt MUSIC to 87066 TnC
ham,"Yeah we wouldn't leave for an hour at least, how's 4 sound?"
ham,Yar i wanted 2 scold u yest but late already... I where got zhong se qing you? If u ask me b4 he ask me then i'll go out w u all lor. N u still can act so real.
ham,I'm very happy for you babe ! Woo hoo party on dude!
spam,I don't know u and u don't know me. Send CHAT to 86688 now and let's find each other! Only 150p/Msg rcvd. HG/Suite342/2Lands/Row/W1J6HL LDN. 18 years or over.
ham,S.this will increase the chance of winning.
ham,Oh ok no prob..
ham,"Will do, you gonna be at blake's all night? I might be able to get out of here a little early"
ham,I wish that I was with you. Holding you tightly. Making you see how important you are. How much you mean to me ... How much I need you ... In my life ...
ham,Mmm so yummy babe ... Nice jolt to the suzy
ham,Oh thanks a lot..i already bought 2 eggs ..
ham,K.:)do it at evening da:)urgent:)
ham,Wat time do u wan 2 meet me later?
ham,Oops. 4 got that bit.
ham,Nice talking to you! please dont forget my pix :) i want to see all of you...
ham,Lol I would but despite these cramps I like being a girl.
spam,Dorothy@kiefer.com (Bank of Granite issues Strong-Buy) EXPLOSIVE PICK FOR OUR MEMBERS *****UP OVER 300% *********** Nasdaq Symbol CDGT That is a $5.00 per..
ham,"Open rebtel with firefox. When it loads just put plus sign in the user name place, and it will show you two numbers. The lower number is my number. Once you pick that number the pin will display okay!"
spam,This is the 2nd time we have tried to contact u. U have won the £1450 prize to claim just call 09053750005 b4 310303. T&Cs/stop SMS 08718725756. 140ppm
spam,CLAIRE here am havin borin time & am now alone U wanna cum over 2nite? Chat now 09099725823 hope 2 C U Luv CLAIRE xx Calls£1/minmoremobsEMSPOBox45PO139WA
ham,Hai ana tomarrow am coming on morning.  &lt;DECIMAL&gt;  ill be there in sathy then we ll go to RTO office. Reply me after came to home.
ham,"I'm there and I can see you, but you can't see me ? Maybe you should reboot ym ? I seen the buzz"
ham,Same to u...
ham,"A Boy loved a gal. He propsd bt she didnt mind. He gv lv lttrs, Bt her frnds threw thm. Again d boy decided 2 aproach d gal , dt time a truck was speeding towards d gal. Wn it was about 2 hit d girl,d boy ran like hell n saved her. She asked 'hw cn u run so fast?' D boy replied ""Boost is d secret of my energy"" n instantly d girl shouted ""our energy"" n Thy lived happily 2gthr drinking boost evrydy Moral of d story:- I hv free msgs:D;): gud ni8"
ham,"Mostly sports type..lyk footbl,crckt.."
ham,Okay lor... Will they still let us go a not ah? Coz they will not know until later. We drop our cards into the box right?
ham,Sry da..jst nw only i came to home..
ham,"Hey babe, my friend had to cancel, still up for a visit ?"
ham,* Will be september by then!
ham,You only hate me. You can call any but you didnt accept even a single call of mine. Or even you messaged
ham,Our Prasanth ettans mother passed away last night. Just pray for her and family.
ham,I don't run away frm u... I walk slowly &amp; it kills me that u don't care enough to stop me...
spam,Buy Space Invaders 4 a chance 2 win orig Arcade Game console. Press 0 for Games Arcade (std WAP charge) See o2.co.uk/games 4 Terms + settings. No purchase
ham,I have lost 10 kilos as of today!
ham,Yes. Please leave at  &lt;#&gt; . So that at  &lt;#&gt;  we can leave
ham,Then ü ask dad to pick ü up lar... Ü wan 2 stay until 6 meh...
ham,Sounds better than my evening im just doing my costume. Im not sure what time i finish tomorrow but i will txt you at the end.
ham,7 lor... Change 2 suntec... Wat time u coming?
ham,staff.science.nus.edu.sg/~phyhcmk/teaching/pc1323
ham,And now electricity just went out fml.
ham,Eh ur laptop got no stock lei... He say mon muz come again to take a look c got a not...
ham,If you're not in my car in an hour and a half I'm going apeshit
ham,Water logging in desert. Geoenvironmental implications.
ham,Jay is snickering and tells me that x is totally fucking up the chords as we speak
ham,When ü login dat time... Dad fetching ü home now?
spam,Guess what! Somebody you know secretly fancies you! Wanna find out who it is? Give us a call on 09065394973 from Landline DATEBox1282EssexCM61XN 150p/min 18
ham,I wanna watch that movie
ham,"Received, understood n acted upon!"
ham,As per your request 'Melle Melle (Oru Minnaminunginte Nurungu Vettam)' has been set as your callertune for all Callers. Press *9 to copy your friends Callertune
ham,Also are you bringing galileo or dobby
ham,There's no point hangin on to mr not right if he's not makin u happy
spam,FreeMsg Hi baby wow just got a new cam moby. Wanna C a hot pic? or Fancy a chat?Im w8in 4uTxt / rply CHAT to 82242 Hlp 08712317606 Msg150p 2rcv
ham,Yes but can we meet in town cos will go to gep and then home. You could text at bus stop. And don't worry we'll have finished by march … ish!
ham,All sounds good. Fingers . Makes it difficult to type
ham,"ER, ENJOYIN INDIANS AT THE MO..yeP. SaLL gOoD HehE ;> hows bout u shexy? Pete Xx"
ham,"Spoke with uncle john today. He strongly feels that you need to sacrifice to keep me here. He's going to call you. When he does, i beg you to just listen. Dont make any promises or make it clear things are not easy. And i need you to please let us work things out. As long as i keep expecting help, my creativity will be stifled so pls just keep him happy, no promises on your part."
ham,Tell them u have a headache and just want to use 1 hour of sick time.
ham,No. I meant the calculation is the same. That  &lt;#&gt; units at  &lt;#&gt; . This school is really expensive. Have you started practicing your accent. Because its important. And have you decided if you are doing 4years of dental school or if you'll just do the nmde exam.
ham,Ranjith cal drpd Deeraj and deepak 5min hold
ham,"Plz note: if anyone calling from a mobile Co. &amp; asks u to type # &lt;#&gt;  or # &lt;#&gt; . Do not do so. Disconnect the call,coz it iz an attempt of 'terrorist' to make use of the sim card no. Itz confirmd by nokia n motorola n has been verified by CNN IBN."
ham,"Not sure yet, still trying to get a hold of him"
spam,"Xmas Offer! Latest Motorola, SonyEricsson & Nokia & FREE Bluetooth or DVD! Double Mins & 1000 Txt on Orange. Call MobileUpd8 on 08000839402 or call2optout/4QF2"
ham,Hey gorgeous man. My work mobile number is. Have a good one babe. Squishy Mwahs.
ham,Two teams waiting for some players
ham,I am in hospital da. . I will return home in evening
ham,Please da call me any mistake from my side sorry da. Pls da goto doctor.
spam,"Call 09094100151 to use ur mins! Calls cast 10p/min (mob vary). Service provided by AOM, just GBP5/month. AOM Box61,M60 1ER until u stop. Ages 18+ only!"
ham,"When you get free, call me"
ham,"I've got  &lt;#&gt; , any way I could pick up?"
ham,Ok thanx...
ham,CERI U REBEL! SWEET DREAMZ ME LITTLE BUDDY!! C YA 2MORO! WHO NEEDS BLOKES
ham,That's the way you should stay oh.
ham,Let me know how it changes in the next 6hrs. It can even be appendix but you are out of that age range. However its not impossible. So just chill and let me know in 6hrs
ham,I will come to ur home now
ham,Then u go back urself lor...
spam,Sexy Singles are waiting for you! Text your AGE followed by your GENDER as wither M or F E.G.23F. For gay men text your AGE followed by a G. e.g.23G.
ham,"Thank You for calling.Forgot to say Happy Onam to you Sirji.I am fine here and remembered you when i met an insurance person.Meet You in Qatar Insha Allah.Rakhesh, ex Tata AIG who joined TISSCO,Tayseer."
ham,"Just got some gas money, any chance you and the gang want to go on a grand nature adventure?"
ham,What year. And how many miles.
spam,"Someone U know has asked our dating service 2 contact you! Cant guess who? CALL 09058095107 NOW all will be revealed. POBox 7, S3XY 150p "
ham,"I got arrested for possession at, I shit you not,  &lt;TIME&gt;  pm"
ham,"Aight, I'll ask a few of my roommates"
ham,"Hello, yeah i've just got out of the bath and need to do my hair so i'll come up when i'm done, yeah?"
ham,Do u noe how 2 send files between 2 computers?
ham,"HEY KATE, HOPE UR OK... WILL GIVE U A BUZ WEDLUNCH. GO OUTSOMEWHERE 4 ADRINK IN TOWN..CUD GO 2WATERSHD 4 A BIT? PPL FROMWRK WILL BTHERE. LOVE PETEXXX."
ham,Haven't eaten all day. I'm sitting here staring at this juicy pizza and I can't eat it. These meds are ruining my life.
ham,"As usual..iam fine, happy &amp; doing well..:)"
ham,What r u cooking me for dinner?
ham,"Also north carolina and texas atm, you would just go to the gre site and pay for the test results to be sent."
ham,"Honeybee Said: *I'm d Sweetest in d World* God Laughed &amp; Said: *Wait,U Havnt Met d Person Reading This Msg* MORAL: Even GOD Can Crack Jokes! GM+GN+GE+GN:)"
ham,Gud mrng dear hav a nice day
ham,I'm so in love with you. I'm excited each day i spend with you. You make me so happy.
ham,"Ola would get back to you maybe not today but I ve told him you can be his direct link in the US in getting cars he bids for online, you arrange shipping and you get a cut. Or U????? For a partnership where U????? Invest money for shipping and he takes care of the rest!U??Wud b self reliant soon dnt worry"
ham,Good night my dear.. Sleepwell&amp;Take care
ham,Every day i use to sleep after  &lt;#&gt;  so only.
ham,"And that is the problem. You walk around in ""julianaland"" oblivious to what is going on around you. I say the same things constantly and they go in one ear and out the other while you go off doing whatever you want to do. It's not that you don't know why I'm upset--it's that you don't listen when i tell you WHAT is going to upset me. Then you want to be surprised when I'm mad."
ham,Dunno dat's wat he told me. Ok lor...
ham,Just re read it and I have no shame but tell me how he takes it and if he runs I will blame u 4 ever!! Not really 4 ever just a long time 
ham,"Today is ""song dedicated day.."" Which song will u dedicate for me? Send this to all ur valuable frnds but first rply me..."
spam,Todays Voda numbers ending 5226 are selected to receive a ?350 award. If you hava a match please call 08712300220 quoting claim code 1131 standard rates app 
spam,Had your mobile 11mths ? Update for FREE to Oranges latest colour camera mobiles & unlimited weekend calls. Call Mobile Upd8 on freefone 08000839402 or 2StopTxt
ham,So now my dad is gonna call after he gets out of work and ask all these crazy questions.
ham,if you text on your way to cup stop that should work. And that should be BUS
ham,The greatest test of courage on earth is to bear defeat without losing heart....gn tc
ham,"Fighting with the world is easy, u either win or lose bt fightng with some1 who is close to u is dificult if u lose - u lose if u win - u still lose."
ham,"Mmmmmm ... I love you,so much, Ahmad ... I can't wait for this year to begin as every second takes me closer to being at your side. Happy New Year, my love!!"
ham,Yes princess! I want to please you every night. Your wish is my command...
ham,Still chance there. If you search hard you will get it..let have a try :)
ham,Are u awake? Is there snow there?
ham,"K, wait chikku..il send aftr  &lt;#&gt; mins"
ham,Apart from the one i told you about yesterday?
ham,"No, I decided that only people who care about stuff vote and caring about stuff is for losers"
ham,I'm at home. Please call
ham,Cramps stopped. Going back to sleep
ham,K:)eng rocking in ashes:)
spam,Block Breaker now comes in deluxe format with new features and great graphics from T-Mobile. Buy for just £5 by replying GET BBDELUXE and take the challenge
spam,How come it takes so little time for a child who is afraid of the dark to become a teenager who wants to stay out all night?
ham,Too late. I said i have the website. I didn't i have or dont have the slippers
ham,What u mean u almost done? Done wif sleeping? But i tot u going to take a nap.. Yup i send her liao so i'm picking her up at ard 4 smth lor..
spam,100 dating service cal;l 09064012103 box334sk38ch
ham,I dont know oh. Hopefully this month.
ham,Going on nothing great.bye
spam,RGENT! This is the 2nd attempt to contact U!U have WON £1250 CALL 09071512433 b4 050703 T&CsBCM4235WC1N3XX. callcost 150ppm mobilesvary. max£7. 50
ham,I love working from home :)
ham,Don know..he is watching film in computer..
spam,"Gr8 Poly tones 4 ALL mobs direct 2u rply with POLY TITLE to 8007 eg POLY BREATHE1 Titles: CRAZYIN, SLEEPINGWITH, FINEST, YMCA :getzed.co.uk POBox365O4W45WQ 300p"
ham,If you still havent collected the dough pls let me know so i can go to the place i sent it to get the control number
ham,"Dont give a monkeys wot they think and i certainly don't mind. Any friend of mine&all that! Just don't sleep wiv , that wud be annoyin!"
ham,Thanks. It was only from tescos but quite nice. All gone now. Speak soon 
spam,"New Mobiles from 2004, MUST GO! Txt: NOKIA to No: 89545 & collect yours today! From ONLY £1. www.4-tc.biz 2optout 087187262701.50gbp/mtmsg18 TXTAUCTION."
ham,I will send them to your email. Do you mind  &lt;#&gt;  times per night?
ham,"HEY HEY WERETHE MONKEESPEOPLE SAY WE MONKEYAROUND! HOWDY GORGEOUS, HOWU DOIN? FOUNDURSELF A JOBYET SAUSAGE?LOVE JEN XXX"
ham,Ok im not sure what time i finish tomorrow but i wanna spend the evening with you cos that would be vewy vewy lubly! Love me xxx
ham,What is important is that you prevent dehydration by giving her enough fluids
ham,Asking do u knw them or nt? May be ur frnds or classmates?
ham,Just glad to be talking to you.
ham,"Cool, I'll text you in a few"
ham,K:)all the best:)congrats...
ham,Well there's still a bit left if you guys want to tonight
ham,"Okey dokey, i‘ll be over in a bit just sorting some stuff out."
ham,K still are you loving me.
ham,So i asked how's anthony. Dad. And your bf
spam,SMS SERVICES For your inclusive text credits pls gotto www.comuk.net login 3qxj9 unsubscribe with STOP no extra charge help 08702840625 comuk.220cm2 9AE
ham,Was the actual exam harder than NBME
spam,FREE camera phones with linerental from 4.49/month with 750 cross ntwk mins. 1/2 price txt bundle deals also avble. Call 08001950382 or call2optout/J MF
ham,Shopping? Eh ger i toking abt syd leh...Haha
ham,Thanks for loving me so. You rock
ham,I was about to do it when i texted. I finished a long time ago and showered and er'ything!
ham,I have a rather prominent bite mark on my right cheek
ham,Its a valentine game. . . Send dis msg to all ur friends. .. If 5 answers r d same then someone really loves u. Ques- which colour suits me the best?rply me
ham,Me i'm not workin. Once i get job...
ham,No but the bluray player can
ham,Morning only i can ok.
ham,Why don't you go tell your friend you're not sure you want to live with him because he smokes too much then spend hours begging him to come smoke
ham,Shall I bring us a bottle of wine to keep us amused? Only joking! I‘ll bring one anyway
ham,This is all just creepy and crazy to me.
ham,They just talking thats it de. They wont any other.
ham,I will come tomorrow di
ham,Purity of friendship between two is not about smiling after reading the forwarded message..Its about smiling just by seeing the name. Gud evng
ham,Ill call you evening ill some ideas.
ham,Lol enjoy role playing much?
ham,"As in missionary hook up, doggy hook up, standing...|"
ham,When u wana see it then
ham,Everybody had fun this evening. Miss you.
ham,I can't make it tonight
ham,She.s find. I sent you an offline message to know how anjola's now.
ham,Dude avatar 3d was imp. At one point i thought there were actually flies in the room and almost tried hittng one as a reflex
ham,"Hey... Thk we juz go accordin to wat we discussed yest lor, except no kb on sun... Cos there's nt much lesson to go if we attend kb on sat..."
ham,Hmmm.but you should give it on one day..
ham,The beauty of life is in next second.. which hides thousands of secrets. I wish every second will be wonderful in ur life...!! gud n8
ham,"Lemme know when I can swing by and pick up, I'm free basically any time after 1 all this semester"
spam,U 447801259231 have a secret admirer who is looking 2 make contact with U-find out who they R*reveal who thinks UR so special-call on 09058094597
ham,No chikku nt yet.. Ya i'm free
ham,U wake up already? Thanx 4 e tau sar piah it's quite nice.
ham,Sac needs to carry on:)
ham,I have to take exam with in march 3
ham,Yep. I do like the pink furniture tho.
ham,Wat's da model num of ur phone?
spam,Call 09095350301 and send our girls into erotic ecstacy. Just 60p/min. To stop texts call 08712460324 (nat rate)
ham,Sorry i'm not free...
spam,Collect your VALENTINE'S weekend to PARIS inc Flight & Hotel + £200 Prize guaranteed! Text: PARIS to No: 69101. www.rtf.sphosting.com
ham,How do friends help us in problems? They give the most stupid suggestion that Lands us into another problem and helps us forgt the previous problem
ham,Hi:)cts employee how are you?
spam,Want 2 get laid tonight? Want real Dogging locations sent direct 2 ur Mob? Join the UK's largest Dogging Network by txting MOAN to 69888Nyt. ec2a. 31p.msg@150p
ham,OH FUCK. JUSWOKE UP IN A BED ON A BOATIN THE DOCKS. SLEPT WID 25 YEAR OLD. SPINOUT! GIV U DA GOSSIP L8R. XXX
ham,Dude got a haircut. Now its breezy up there
ham,Yes there were many sweets
ham,"Beautiful Truth against Gravity.. Read carefully: ""Our heart feels light when someone is in it.. But it feels very heavy when someone leaves it.."" GOODMORNING"
spam,5p 4 alfie Moon's Children in need song on ur mob. Tell ur m8s. Txt Tone charity to 8007 for Nokias or Poly charity for polys: zed 08701417012 profit 2 charity.
ham,Ofcourse I also upload some songs
ham,"As I entered my cabin my PA said, '' Happy B'day Boss !!''. I felt special. She askd me 4 lunch. After lunch she invited me to her apartment. We went there."
ham,When are you going to ride your bike?
ham,Will ü b going to esplanade fr home?
ham,Eat at old airport road... But now 630 oredi... Got a lot of pple...
spam,Want explicit SEX in 30 secs? Ring 02073162414 now! Costs 20p/min
ham,"Dude u knw also telugu..thts gud..k, gud nyt.."
spam,"Xmas & New Years Eve tickets are now on sale from the club, during the day from 10am till 8pm, and on Thurs, Fri & Sat night this week. They're selling fast!"
ham,Lol ok your forgiven :)
ham,R u over scratching it?
ham,Does uncle timi help in clearing cars
spam,"Eerie Nokia tones 4u, rply TONE TITLE to 8007 eg TONE DRACULA to 8007 Titles: GHOST, ADDAMSFA, MUNSTERS, EXORCIST, TWILIGHT www.getzed.co.uk POBox36504W45WQ 150p "
spam,Tone Club: Your subs has now expired 2 re-sub reply MONOC 4 monos or POLYC 4 polys 1 weekly @ 150p per week Txt STOP 2 stop This msg free Stream 0871212025016
spam,SMS AUCTION - A BRAND NEW Nokia 7250 is up 4 auction today! Auction is FREE 2 join & take part! Txt NOKIA to 86021 now!
ham,* Was thinking about chuckin ur red green n black trainners 2 save carryin them bac on train
ham,They are just making it easy to pay back. I have  &lt;#&gt; yrs to say but i can pay back earlier. You get?
spam,4mths half price Orange line rental & latest camera phones 4 FREE. Had your phone 11mths ? Call MobilesDirect free on 08000938767 to update now! or2stoptxt
spam,BIG BROTHER ALERT! The computer has selected u for 10k cash or #150 voucher. Call 09064018838. NTT PO Box CRO1327 18+ BT Landline Cost 150ppm mobiles vary
ham,I cant pick the phone right now. Pls send a message
ham,I agree. So i can stop thinkin about ipad. Can you please ask macho the same question.
ham,Good morning princess! Happy New Year!
ham,Then. You are eldest know.
spam,FREE entry into our £250 weekly comp just send the word ENTER to 84128 NOW. 18 T&C www.textcomp.com cust care 08712405020.
ham,Anything lar...
ham,Geeeee ... I love you so much I can barely stand it
ham, &lt;#&gt;  mins but i had to stop somewhere first.
ham,He's really into skateboarding now despite the fact that he gets thrown off of it and winds up with bandages and shit all over his arms every five minutes
ham,"Storming msg: Wen u lift d phne, u say ""HELLO"" Do u knw wt is d real meaning of HELLO?? . . . It's d name of a girl..! . . . Yes.. And u knw who is dat girl?? ""Margaret Hello"" She is d girlfrnd f Grahmbell who invnted telphone... . . . . Moral:One can 4get d name of a person, bt not his girlfrnd... G o o d n i g h t . . .@"
ham,I did. One slice and one breadstick. Lol
ham,Headin towards busetop
ham,"1) Go to write msg 2) Put on Dictionary mode 3)Cover the screen with hand, 4)Press  &lt;#&gt; . 5)Gently remove Ur hand.. Its interesting..:)"
ham,Have you emigrated or something? Ok maybe 5.30 was a bit hopeful...
ham,"God picked up a flower and dippeditinaDEW, lovingly touched itwhichturnedinto u, and the he gifted tomeandsaid,THIS FRIEND IS 4U"
ham,K.k:)i'm going to tirunelvali this week to see my uncle ..i already spend the amount by taking dress .so only i want money.i will give it on feb 1
ham,"I have 2 sleeping bags, 1 blanket and paper and  phone details. Anything else?"
ham,"I sent my scores to sophas and i had to do secondary application for a few schools. I think if you are thinking of applying, do a research on cost also. Contact joke ogunrinde, her school is one me the less expensive ones"
ham,"(No promises on when though, haven't even gotten dinner yet)"
ham,What you doing?how are you?
spam,"Urgent! Please call 09066612661 from your landline, your complimentary 4* Lux Costa Del Sol holiday or £1000 CASH await collection. ppm 150 SAE T&Cs James 28, EH74RR"
ham,Holy living christ what is taking you so long
spam,"Congrats! 2 mobile 3G Videophones R yours. call 09063458130 now! videochat wid your mates, play java games, Dload polyPH music, noline rentl."
ham,Its going good...no problem..but still need little experience to understand american customer voice...
ham,Oooh bed ridden ey? What are YOU thinking of?
ham,WHAT TIME U WRKIN?
ham,Then ü come n pick me at 530 ar?
ham,"G says you never answer your texts, confirm/deny"
ham,"* Was a nice day and, impressively, i was sensible, went home early and now feel fine. Or am i just boring?! When's yours, i can't remember."
ham,"Good afternoon, my boytoy ... How are you feeling today ? Better I hope? Are you being my good boy? Are you my obedient, slave? Do you please your Queen?"
spam,88066 FROM 88066 LOST 3POUND HELP
spam,A link to your picture has been sent. You can also use http://alto18.co.uk/wave/wave.asp?o=44345
ham,It has everything to do with the weather. Keep extra warm. Its a cold but nothing serious. Pls lots of vitamin c
ham,Ok i msg u b4 i leave my house.
ham,Hi this is yijue... It's regarding the 3230 textbook it's intro to algorithms second edition... I'm selling it for $50...
ham,Jus finish my lunch on my way home lor... I tot u dun wan 2 stay in sch today...
ham,"Good afternoon sunshine! How dawns that day ? Are we refreshed and happy to be alive? Do we breathe in the air and smile ? I think of you, my love ... As always"
ham,PS U no ur a grown up now right?
ham,Sac will score big hundred.he is set batsman:-)
ham,Dunno lei shd b driving lor cos i go sch 1 hr oni.
spam,"Ur balance is now £600. Next question: Complete the landmark, Big, A. Bob, B. Barry or C. Ben ?. Text A, B or C to 83738. Good luck!"
ham,Hey darlin.. i can pick u up at college if u tell me wen & where 2 mt.. love Pete xx
ham,X course it 2yrs. Just so her messages on messenger lik you r sending me
ham,Mmmm.... I cant wait to lick it!
ham,"Honey ? Sweetheart ? Darling ? Sexy buns ? Sugar plum ? Loverboy ? I miss you, boytoy ... *smacks your ass* Did you go to the gym too ?"
ham,"Just arrived, see you in a couple days &lt;3"
ham,"Short But Cute: ""Be a good person, but dont try to prove it.."" .Gud noon...."
ham,East coast
ham,Hi where you. You in home or calicut?
ham,is your hamster dead? Hey so tmr i meet you at 1pm orchard mrt? 
ham,Tmr timin still da same wat cos i got lesson until 6...
ham,K ill drink.pa then what doing. I need srs model pls send it to my mail id pa.
ham,How much for an eighth?
ham,Jus finish blowing my hair. U finish dinner already?
spam,I am hot n horny and willing I live local to you - text a reply to hear strt back from me 150p per msg Netcollex LtdHelpDesk: 02085076972 reply Stop to end
ham,You should know now. So how's anthony. Are you bringing money. I've school fees to pay and rent and stuff like that. Thats why i need your help. A friend in need....|
ham,Ok . . now i am in bus. . If i come soon i will come otherwise tomorrow
ham,I got a call from a landline number. . . I am asked to come to anna nagar . . . I will go in the afternoon
spam,"URGENT, IMPORTANT INFORMATION FOR O2 USER. TODAY IS YOUR LUCKY DAY! 2 FIND OUT WHY LOG ONTO HTTP://WWW.URAWINNER.COM THERE IS A FANTASTIC SURPRISE AWAITING FOR YOU"
spam,"We know someone who you know that fancies you. Call 09058097218 to find out who. POBox 6, LS15HB 150p"
ham,Lol for real. She told my dad I have cancer
spam,Want explicit SEX in 30 secs? Ring 02073162414 now! Costs 20p/min Gsex POBOX 2667 WC1N 3XX
ham,Cheers for the card ... Is it that time of year already?
ham,Convey my regards to him
ham,I want to be there so i can kiss you and feel you next to me
ham,"Sorry, left phone upstairs. OK, might be hectic but would be all my birds with one fell swoop. It's a date."
ham,I've sent ü my part..
ham,"Especially since i talk about boston all up in my personal statement, lol! I woulda changed that if i had realized it said nyc! It says boston now."
ham,What i mean is do they come chase you out when its over or is it stated you can watch as many movies as you want.
ham,"Just wondering, the others just took off"
ham,K I'll be there before 4.
ham,Not course. Only maths one day one chapter with in one month we can finish.
ham,Hi Dear Call me its urgnt. I don't know whats your problem. You don't want to work or if you have any other problem at least tell me. Wating for your reply.
ham,Okie... Thanx...
ham,How are you. Its been ages. How's abj
ham,What to think no one saying clearly. Ok leave no need to ask her. I will go if she come or not
spam,"This is the 2nd time we have tried 2 contact u. U have won the 750 Pound prize. 2 claim is easy, call 08718726970 NOW! Only 10p per min. BT-national-rate "
ham,"Can you pls pls send me a mail on all you know about relatives coming to deliver here? All you know about costs, risks, benefits and anything else. Thanks."
ham,Unni thank you dear for the recharge..Rakhesh
ham,How is your schedule next week? I am out of town this weekend.
ham,"U wake up already? Wat u doing? U picking us up later rite? I'm taking sq825, reaching ard 7 smth 8 like dat. U can check e arrival time. C ya soon..."
ham,"Say this slowly.? GOD,I LOVE YOU &amp; I NEED YOU,CLEAN MY HEART WITH YOUR BLOOD.Send this to Ten special people &amp; u c miracle tomorrow, do it,pls,pls do it..."
ham,Ill be there on  &lt;#&gt;  ok.
ham,THIS IS A LONG FUCKIN SHOWR
ham,I have gone into get info bt dont know what to do
spam,"Want to funk up ur fone with a weekly new tone reply TONES2U 2 this text. www.ringtones.co.uk, the original n best. Tones 3GBP network operator rates apply"
spam,URGENT! We are trying to contact U. Todays draw shows that you have won a £800 prize GUARANTEED. Call 09050001295 from land line. Claim A21. Valid 12hrs only
ham,Howz pain?hope u r fine..
ham,Ya! when are ü taking ure practical lessons? I start in june..  
ham,He needs to stop going to bed and make with the fucking dealing
ham,Hello handsome ! Are you finding that job ? Not being lazy ? Working towards getting back that net for mummy ? Where's my boytoy now ? Does he miss me ?
ham,"Almost there, see u in a sec"
ham,"Good good, billy mates all gone. Just been jogging, again! Did enjoy concert?"
ham,Raji..pls do me a favour. Pls convey my Birthday wishes to Nimya. Pls. Today is her birthday.
ham,Sounds like a plan! Cardiff is still here and still cold! I'm sitting on the radiator!
spam,"Final Chance! Claim ur £150 worth of discount vouchers today! Text YES to 85023 now! SavaMob, member offers mobile! T Cs SavaMob POBOX84, M263UZ. £3.00 Subs 16"
ham,ARE YOU IN TOWN? THIS IS V. IMPORTANT
ham,In which place i can get rooms cheap:-)
ham,Ü dun wan to watch infernal affair?
ham,Ü neva tell me how i noe... I'm not at home in da aft wat... 
ham,"Say this slowly.? GOD,I LOVE YOU &amp; I NEED YOU,CLEAN MY HEART WITH YOUR BLOOD.Send this to Ten special people &amp; u c miracle tomorrow, do it,pls,pls do it..."
ham,You also didnt get na hi hi hi hi hi
spam,18 days to Euro2004 kickoff! U will be kept informed of all the latest news and results daily. Unsubscribe send GET EURO STOP to 83222.
spam,Ur cash-balance is currently 500 pounds - to maximize ur cash-in now send COLLECT to 83600 only 150p/msg. CC: 08718720201 PO BOX 114/14 TCR/W1
ham,Huh so slow i tot u reach long ago liao... U 2 more days only i 4 more leh...
ham,Sad story of a Man - Last week was my b'day. My Wife did'nt wish me. My Parents forgot n so did my Kids . I went to work. Even my Colleagues did not wish.
ham,Better. Made up for Friday and stuffed myself like a pig yesterday. Now I feel bleh. But at least its not writhing pain kind of bleh.
ham,"Aight yo, dats straight dogg"
ham,"Hey babe, how's it going ? Did you ever figure out where your going for New Years ?"
ham,Give me a sec to think think about it
ham,So when do you wanna gym harri
ham,Nan sonathaya soladha. Why boss?
spam,"Congrats! 2 mobile 3G Videophones R yours. call 09061744553 now! videochat wid ur mates, play java games, Dload polyH music, noline rentl. bx420. ip4. 5we. 150pm"
ham,Cps is causing the outages to conserve energy.
ham,He says he'll give me a call when his friend's got the money but that he's definitely buying before the end of the week
ham,Alrite jod hows the revision goin? Keris bin doin a smidgin. N e way u wanna cum over after college?xx
ham,In that case I guess I'll see you at campus lodge
ham,Just wanted to say holy shit you guys weren't kidding about this bud
ham,Why do you ask princess?
spam,Free video camera phones with Half Price line rental for 12 mths and 500 cross ntwk mins 100 txts. Call MobileUpd8 08001950382 or Call2OptOut/674
ham,Why are u up so early?
ham,Need a coffee run tomo?Can't believe it's that time of week already
ham,Hi kindly give us back our documents which we submitted for loan from STAPATI
spam,Dear Voucher holder Have your next meal on us. Use the following link on your pc 2 enjoy a 2 4 1 dining experiencehttp://www.vouch4me.com/etlp/dining.asp
ham,It didnt work again oh. Ok goodnight then. I.ll fix and have it ready by the time you wake up. You are very dearly missed have a good night sleep.
ham,"Carlos is down but I have to pick it up from him, so I'll swing by usf in a little bit"
spam,Well done ENGLAND! Get the official poly ringtone or colour flag on yer mobile! text TONE or FLAG to 84199 NOW! Opt-out txt ENG STOP. Box39822 W111WX £1.50
ham,Ard 6 like dat lor.
ham,Do u knw dis no. &lt;#&gt; ?
ham,Is that seriously how you spell his name?
ham,"I can't, I don't have her number!"
ham,Dear reached railway. What happen to you
ham,Raji..pls do me a favour. Pls convey my Birthday wishes to Nimya. Pls. Today is her birthday.
ham,Anything lor if they all go then i go lor...
ham,Also where's the piece
ham,Lol that's different. I don't go trying to find every real life photo you ever took.
ham,If you were/are free i can give. Otherwise nalla adi entey nattil kittum
ham,No let me do the math. Your not good at it.
ham,Well there's a pattern emerging of my friends telling me to drive up and come smoke with them and then telling me that I'm a weed fiend/make them smoke too much/impede their doing other things so you see how I'm hesitant
ham,You call him and tell now infront of them. Call him now.
ham,Dont put your phone on silent mode ok
ham,Understand. his loss is my gain :) so do you work? School?
ham,We are both fine. Thanks
ham,Please dont say like that. Hi hi hi
ham,Msg me when rajini comes.
ham,Anyway holla at me whenever you're around because I need an excuse to go creep on people in sarasota
spam,Urgent! Please call 09061213237 from a landline. £5000 cash or a 4* holiday await collection. T &Cs SAE PO Box 177 M227XY. 16+
ham,"Jolly good! By the way,  will give u tickets for sat eve 7.30. Speak before then x"
ham,ZOE IT JUST HIT ME 2 IM FUCKING SHITIN MYSELF IL DEFO TRY MY HARDEST 2 CUM 2MOROW LUV U MILLIONS LEKDOG
spam,Customer Loyalty Offer:The NEW Nokia6650 Mobile from ONLY £10 at TXTAUCTION! Txt word: START to No: 81151 & get yours Now! 4T&Ctxt TC 150p/MTmsg
ham,"Hmmm... Guess we can go 4 kb n power yoga... Haha, dunno we can tahan power yoga anot... Thk got lo oso, forgot liao..."
ham,"Just dropped em off, omw back now"
spam,"Hi babe its Chloe, how r u? I was smashed on saturday night, it was great! How was your weekend? U been missing me? SP visionsms.com Text stop to stop 150p/text"
ham,Anytime...
ham,See? I thought it all through
ham,"naughty little thought: 'its better to flirt, flirt n flirt, rather than loving someone n gettin hurt, hurt n hurt...:-) Gud nyt"
ham,"Arms fine, how's Cardiff and uni? "
ham,Hurry home u big butt. Hang up on your last caller if u have to. Food is done and I'm starving. Don't ask what I cooked.
ham,Yes its possible but dint try. Pls dont tell to any one k
ham,Your bill at 3 is £33.65 so thats not bad!
ham,Hi..i got the money da:)
ham,twenty past five he said will this train have been to durham already or not coz i am in a reserved seat
ham,So is there anything specific I should be doing with regards to jaklin or what because idk what the fuck
ham,Captain vijaykanth is doing comedy in captain tv..he is drunken :)
spam,"You have been specially selected to receive a ""3000 award! Call 08712402050 BEFORE the lines close. Cost 10ppm. 16+. T&Cs apply. AG Promo"
spam,4mths half price Orange line rental & latest camera phones 4 FREE. Had your phone 11mths+? Call MobilesDirect free on 08000938767 to update now! or2stoptxt T&Cs
ham,You give us back my id proof and  &lt;#&gt;  rs. We wont allow you to work. We will come to your home within days
ham,Guess he wants alone time. We could just show up and watch when they do..
spam,GENT! We are trying to contact you. Last weekends draw shows that you won a £1000 prize GUARANTEED. Call 09064012160. Claim Code K52. Valid 12hrs only. 150ppm
ham,How much did ur hdd casing cost.
ham,Mystery solved! Just opened my email and he's sent me another batch! Isn't he a sweetie
ham,Not..tel software name..
ham,Dai i downloaded but there is only exe file which i can only run that exe after installing.
ham,"CAN I PLEASE COME UP NOW IMIN TOWN.DONTMATTER IF URGOIN OUTL8R,JUST REALLYNEED 2DOCD.PLEASE DONTPLEASE DONTIGNORE MYCALLS,U NO THECD ISV.IMPORTANT TOME 4 2MORO"
ham,I'm still looking for a car to buy. And have not gone 4the driving test yet.
ham,"No, but you told me you were going, before you got drunk!"
spam,FreeMsg: Txt: CALL to No: 86888 & claim your reward of 3 hours talk time to use from your phone now! Subscribe6GBP/mnth inc 3hrs 16 stop?txtStop
ham,"Daddy, shu shu is looking 4 u... U wan me 2 tell him u're not in singapore or wat?"
ham,Indeed and by the way it was either or - not both !
ham,"What i mean was i left too early to check, cos i'm working a 9-6."
ham,I'm at work. Please call
spam,"You have won ?1,000 cash or a ?2,000 prize! To claim, call09050000327. T&C: RSTM, SW7 3SS. 150ppm"
ham,"Princess, i like to make love  &lt;#&gt;  times per night. Hope thats not a problem!"
ham,Can. Dunno wat to get 4 her...
ham,"Sir, hope your day is going smoothly. i really hoped i wont have to bother you about this. I have some bills that i can't settle this month. I am out of all extra cash. I know this is a challenging time for you also but i have to let you know."
spam,Buy Space Invaders 4 a chance 2 win orig Arcade Game console. Press 0 for Games Arcade (std WAP charge) See o2.co.uk/games 4 Terms + settings. No purchase
ham,Ugh hopefully the asus ppl dont randomly do a reformat.
spam,Show ur colours! Euro 2004 2-4-1 Offer! Get an England Flag & 3Lions tone on ur phone! Click on the following service message for info!
ham,Then she buying today? Ü no need to c meh...
ham,At home watching tv lor.
ham,Havent stuck at orchard in my dad's car. Going 4 dinner now. U leh? So r they free tonight?
ham,Do you want bold 2 or bb torch
ham,"Hi Shanil,Rakhesh here.thanks,i have exchanged the uncut diamond stuff.leaving back. Excellent service by Dino and Prem."
ham,Ya srsly better than yi tho
ham,"alright, I'll make sure the car is back tonight"
ham,I have to take exam with march 3
ham,Im done. Just studyn in library
ham,I've not sent it. He can send me.
ham,Sorry da:)i was thought of calling you lot of times:)lil busy.i will call you at noon..
ham,Yup... How ü noe leh...
ham,I'm putting it on now. It should be ready for  &lt;TIME&gt; 
ham,Sitting in mu waiting for everyone to get out of my suite so I can take a shower
ham,ALRITE SAM ITS NIC JUST CHECKIN THAT THIS IS UR NUMBER-SO IS IT?T.B*
ham,Customer place i will call you.
spam,"Urgent Urgent! We have 800 FREE flights to Europe to give away, call B4 10th Sept & take a friend 4 FREE. Call now to claim on 09050000555. BA128NNFWFLY150ppm"
ham,Ok.ok ok..then..whats ur todays plan
ham,Ok
ham,Will be out of class in a few hours. Sorry
ham,Yeah I imagine he would be really gentle. Unlike the other docs who treat their patients like turkeys.
ham,Can ü send me a copy of da report?
ham,What time you thinkin of goin?
ham,I dont know exactly could you ask chechi.
ham,Dunno i juz askin cos i got a card got 20% off 4 a salon called hair sense so i tot it's da one ü cut ur hair. 
ham,NEFT Transaction with reference number  &lt;#&gt;  for Rs. &lt;DECIMAL&gt;  has been credited to the beneficiary account on  &lt;#&gt;  at  &lt;TIME&gt; : &lt;#&gt;
spam,You have an important customer service announcement from PREMIER. Call FREEPHONE 0800 542 0578 now!
ham,Yeah imma come over cause jay wants to do some drugs
ham,I want to go to perumbavoor
ham,How's ur paper?
ham,"Fighting with the world is easy, u either win or lose bt fightng with some1 who is close to u is dificult if u lose - u lose if u win - u still lose."
ham,When did dad get back.
ham,"Yo my trip got postponed, you still stocked up?"
ham,"I am late,so call you tomorrow morning.take care sweet dreams....u and me...ummifying...bye."
ham,Hai priya are you right. What doctor said pa. Where are you.
spam,lyricalladie(21/F) is inviting you to be her friend. Reply YES-910 or NO-910. See her: www.SMS.ac/u/hmmross STOP? Send STOP FRND to 62468
ham,Lol boo I was hoping for a laugh
ham,Yo theres no class tmrw right?
spam,"1000's flirting NOW! Txt GIRL or BLOKE & ur NAME & AGE, eg GIRL ZOE 18 to 8007 to join and get chatting!"
ham,Remember to ask alex about his pizza
ham,Beauty sleep can help ur pimples too.
ham,"Sorry, I can't help you on this."
ham,Fine if thats the way u feel. Thats the way its gota b
ham,Good Morning plz call me sir
ham,"Ever green quote ever told by Jerry in cartoon ""A Person Who Irritates u Always Is the one Who Loves u Vry Much But Fails to Express It...!..!! :-) :-) gud nyt"
ham,Ok.ok ok..then..whats ur todays plan
ham,C movie is juz last minute decision mah. Juz watch 2 lar but i tot ü not interested.
ham,"That means you got an A in epi, she.s fine. She.s here now."
spam,Welcome! Please reply with your AGE and GENDER to begin. e.g 24M
ham,Wat ü doing now?
ham,I am waiting machan. Call me once you free.
ham,Yes :)it completely in out of form:)clark also utter waste.
ham,Tell your friends what you plan to do on Valentines day @ &lt;URL&gt;
ham,"Hey ! I want you ! I crave you ! I miss you ! I need you ! I love you, Ahmad Saeed al Hallaq ..."
ham,Have you seen who's back at Holby?!
ham,U dun say so early hor... U c already then say...
ham,Yes:)from last week itself i'm taking live call.
spam,WIN URGENT! Your mobile number has been awarded with a £2000 prize GUARANTEED call 09061790121 from land line. claim 3030 valid 12hrs only 150ppm 
ham,I tagged MY friends that you seemed to count as YOUR friends.
ham,"I got like $ &lt;#&gt; , I can get some more later though. Get whatever you feel like"
ham,Nope... C ü then...
ham,Wot u up 2? Thout u were gonna call me!! Txt bak luv K
ham,She told to hr that he want posting in chennai:)because i'm working here:)
ham,"By the way, make sure u get train to worc foregate street not shrub hill. Have fun night x"
spam,"FREE MESSAGE Activate your 500 FREE Text Messages by replying to this message with the word FREE For terms & conditions, visit www.07781482378.com"
spam,Would you like to see my XXX pics they are so hot they were nearly banned in the uk!
ham,Fine. Do you remember me.
ham,i cant talk to you now.i will call when i can.dont keep calling.
ham,None of that's happening til you get here though
ham,WHITE FUDGE OREOS ARE IN STORES
ham,Back in brum! Thanks for putting us up and keeping us all and happy. See you soon 
ham,Gibbs unsold.mike hussey
ham,But you were together so you should be thinkin about him
ham,Nope. I just forgot. Will show next week
ham,I REALLY NEED 2 KISS U I MISS U MY BABY FROM UR BABY 4EVA
ham,"Night sweet, sleep well! I've just been to see The Exorcism of Emily Rose and may never sleep again! Hugs and snogs! "
ham,"Hmmm ... And imagine after you've come home from that having to rub my feet, make me dinner and help me get ready for my date ! Are you sure your ready for that kind of life ?"
ham,"TODAY is Sorry day.! If ever i was angry with you, if ever i misbehaved or hurt you? plz plz JUST SLAP URSELF Bcoz, Its ur fault, I'm basically GOOD"
ham,We got a divorce. Lol. She.s here
spam,"Dear Matthew please call 09063440451 from a landline, your complimentary 4*Lux Tenerife holiday or £1000 CASH await collection. ppm150 SAE T&Cs Box334 SK38XH."
ham,Please give it 2  or i will pick it up on Tuesday evening about 8 if that is ok.
ham,"Hello, my love! How goes that day ? I wish your well and fine babe and hope that you find some job prospects. I miss you, boytoy ... *a teasing kiss*"
ham,Where r e meeting tmr?
ham,"I av a new number,  . Wil u only use this one,ta."
ham,"One of best dialogue in cute reltnship..!! ""Wen i Die, Dont Come Near My Body..!! Bcoz My Hands May Not Come 2 Wipe Ur Tears Off That Time..!Gud ni8"
ham,Ok.
ham,Lol I know! They're so dramatic. Schools already closed for tomorrow. Apparently we can't drive in the inch of snow were supposed to get.
ham,I know that my friend already told that.
ham,Ü give me some time to walk there.
ham,Tell me something. Thats okay.
ham,(That said can you text him one more time?)
ham,Hey hun-onbus goin 2 meet him. He wants 2go out 4a meal but I donyt feel like it cuz have 2 get last bus home!But hes sweet latelyxxx
ham,Hope you are having a great day.
ham,Wherre's my boytoy ? :-(
ham,Wat r u doing?
ham,Which channel:-):-):):-).
ham,Hi da:)how is the todays class?
ham,Pick you up bout 7.30ish? What time are  and that going?
ham,Correct. So how was work today
ham,Ho ho - big belly laugh! See ya tomo
ham,Can you plz tell me the ans. BSLVYL sent via fullonsms.com
ham,Yar lor... Keep raining non stop... Or u wan 2 go elsewhere?
ham,If u dun drive then how i go 2 sch.
ham,Ummmmmaah Many many happy returns of d day my dear sweet heart.. HAPPY BIRTHDAY dear
ham,"I am real, baby! I want to bring out your inner tigress..."
ham,Do you work all this week ?
ham,"Sorry, I'll call later"
spam,Camera - You are awarded a SiPix Digital Camera! call 09061221066 fromm landline. Delivery within 28 days.
ham,"K, want us to come by now?"
ham,But i'm really really broke oh. No amount is too small even  &lt;#&gt; 
ham,In work now. Going have in few min.
spam,You have an important customer service announcement. Call FREEPHONE 0800 542 0825 now!
ham,I'm going 4 lunch now wif my family then aft dat i go str 2 orchard lor.
ham,Yo chad which gymnastics class do you wanna take? The site says Christians class is full..
ham,Appt is at &lt;TIME&gt; am. Not my fault u don't listen. I told u twice
ham,Are you this much buzy
ham,Ummmmmaah Many many happy returns of d day my dear sweet heart.. HAPPY BIRTHDAY dear
ham,Once free call me sir.
ham,Where did u go? My phone is gonna die you have to stay in here
ham,"A gram usually runs like  &lt;#&gt; , a half eighth is smarter though and gets you almost a whole second gram for  &lt;#&gt;"
ham,Just nw i came to hme da..
spam,Congratulations ur awarded either a yrs supply of CDs from Virgin Records or a Mystery Gift GUARANTEED Call 09061104283 Ts&Cs www.smsco.net £1.50pm approx 3mins
ham,"Aight text me when you're back at mu and I'll swing by, need somebody to get the door for me"
ham,"Sorry, I'll call later"
ham,I ain't answerin no phone at what is actually a pretty reasonable hour but I'm sleepy
ham,I don't think he has spatula hands!
ham,Wait.i will come out.. &lt;#&gt;  min:)
ham,Its ok my arm is feeling weak cuz i got a shot so we can go another time
ham,Nope i'm not drivin... I neva develop da photos lei...
spam,"You are a £1000 winner or Guaranteed Caller Prize, this is our Final attempt to contact you! To Claim Call 09071517866 Now! 150ppmPOBox10183BhamB64XE"
ham,Have you started in skye
ham,Yo sorry was in the shower sup
ham,Me hungry buy some food good lei... But mum n yun dun wan juz buy a little bit... 
ham,Not yet. Just i'd like to keep in touch and it will be the easiest way to do that from barcelona. By the way how ru and how is the house?
spam,"Loan for any purpose £500 - £75,000. Homeowners + Tenants welcome. Have you been previously refused? We can still help. Call Free 0800 1956669 or text back 'help'"
ham,Oh oh... Wasted... Den muz chiong on sat n sun liao...
ham,How much it will cost approx . Per month.
ham,R u still working now?
ham,Hey whats up? U sleeping all morning?
ham,I dont have any of your file in my bag..i was in work when you called me.i 'll tell you if i find anything in my room.
ham,My uncles in Atlanta. Wish you guys a great semester.
ham,S:)s.nervous  &lt;#&gt; :)
ham,Hey... What time is your driving on fri? We go for evaluation on fri?
ham,Hey gals.. Anyone of u going down to e driving centre tmr?
ham,I'm in inside office..still filling forms.don know when they leave me.
ham,Yes I know the cheesy songs from frosty the snowman :)
ham,Wow v v impressed. Have funs shopping!
ham,Boo I'm on my way to my moms. She's making tortilla soup. Yummmm
ham,"Sir, waiting for your letter."
spam,How about getting in touch with folks waiting for company? Just txt back your NAME and AGE to opt in! Enjoy the community (150p/SMS)
ham,"So check your errors and if you had difficulties, do correction."
ham,If you r @ home then come down within 5 min
ham,You best watch what you say cause I get drunk as a motherfucker
ham,Die... I accidentally deleted e msg i suppose 2 put in e sim archive. Haiz... I so sad...
ham,Check with nuerologist.
ham,We have pizza if u want
ham,Tell rob to mack his gf in the theater
ham,TELL HER I SAID EAT SHIT.
ham,"Cool, text me when you're ready"
ham,Was doing my test earlier. I appreciate you. Will call you tomorrow.
ham,Sorry * was at the grocers.
ham,"Yo, you around? Just got my car back"
ham,"Fuck babe, I miss you sooooo much !! I wish you were here to sleep with me ... My bed is so lonely ... I go now, to sleep ... To dream of you, my love ..."
ham,"Sorry I missed you babe. I was up late and slept in. I hope you enjoy your driving lesson, boytoy. I miss you too ... *teasing kiss*"
ham,How do you guys go to see movies on your side.
ham,First has she gained more than  &lt;#&gt; kg since she took in. Second has she done the blood sugar tests. If she has and its ok and her blood pressure is within normal limits then no worries
spam,Win a £1000 cash prize or a prize worth £5000
ham,I will come with karnan car. Please wait till 6pm will directly goto doctor.
ham,Yes..he is really great..bhaji told kallis best cricketer after sachin in world:).very tough to get out.
ham,I emailed yifeng my part oredi.. Can ü get it fr him..
ham,Still work going on:)it is very small house.
ham,No need to ke qi... Ü too bored izzit y suddenly thk of this...
ham,I attended but nothing is there.
ham,Buy one egg for me da..please:)
ham,Dear how is chechi. Did you talk to her
ham,Carry on not disturbing both of you
ham,U meet other fren dun wan meet me ah... Muz b a guy rite...
spam,"Goal! Arsenal 4 (Henry, 7 v Liverpool 2 Henry scores with a simple shot from 6 yards from a pass by Bergkamp to give Arsenal a 2 goal margin after 78 mins."
ham,Sorry . I will be able to get to you. See you in the morning.
ham,"V-aluable. A-ffectionate. L-oveable. E-ternal. N-oble. T-ruthful. I-ntimate. N-atural. E-namous. Happy ""VALENTINES DAY"" in advance"
ham,I am late. I will be there at
ham,"Very strange.  and  are watching the 2nd one now but i'm in bed. Sweet dreams, miss u "
